player,played_at,fixture,position,role,result,final_you,final_formula,final_diff,attacking_you,attacking_formula,attacking_diff,defending_you,defending_formula,defending_diff,passing_you,passing_formula,passing_diff,consistency_you,consistency_formula,consistency_diff,gk_gc_you,gk_gc_formula,gk_gc_diff,gk_saves_you,gk_saves_formula,gk_saves_diff,gk_catches_you,gk_catches_formula,gk_catches_diff
"Degtuks","2026-07-08","BC Kauno Žalgiris 2-3 Notts County FC","LB","DEF","L",39.00,51.00,12.00,0.00,0.00,0.00,44.00,73.39,29.39,50.00,20.43,-29.57,31.00,13.97,-17.03,,,,,,,,,
"marulla","2026-04-02","Sabertooth 3-6 Luton Town FC","CM","MID","L",46.00,44.00,-2.00,0.00,0.00,0.00,74.00,94.38,20.38,70.00,42.67,-27.33,62.00,48.08,-13.92,,,,,,,,,
"cawest666","2026-04-08","Pau FC 2-4 Aetherborn FC","LB","DEF","L",49.00,55.00,6.00,0.00,0.00,0.00,57.00,76.28,19.28,50.00,27.23,-22.77,50.00,25.00,-25.00,,,,,,,,,
"Traktoren","2026-07-06","OP1UM 0-3 Titan FC","CM","MID","W",41.00,42.00,1.00,0.00,0.00,0.00,69.00,92.88,23.88,45.00,26.67,-18.33,40.00,27.56,-12.44,,,,,,,,,
"xoobi","2026-02-05","VigiLant 5-6 Zakrusa","LB","DEF","L",56.00,65.00,9.00,0.00,0.00,0.00,64.00,88.15,24.15,58.00,34.04,-23.96,67.00,37.50,-29.50,,,,,,,,,
"ym.","2026-07-18","Hamburger SC 0-5 OOG FC","LB","DEF","W",85.00,85.00,0.00,30.00,15.00,-15.00,89.00,102.96,13.96,74.00,37.45,-36.55,87.00,71.32,-15.68,,,,,,,,,
"Timhub","2026-06-28","Paris Saint-Germain 3-3 Notts County FC","CM","MID","D",71.00,55.00,-16.00,60.00,32.22,-27.78,79.00,99.25,20.25,70.00,26.67,-43.33,66.00,51.28,-14.72,,,,,,,,,
"omdazhere","2026-06-29","Alfa Romeo 3-0 Celtic FC","CM","MID","W",81.00,76.00,-5.00,77.00,73.89,-3.11,85.00,94.75,9.75,60.00,41.95,-18.05,81.00,64.74,-16.26,,,,,,,,,
"soul snatcher","2026-02-19","Enigma 3-0 Evriyon","LB","DEF","L",58.00,58.00,0.00,40.00,21.67,-18.33,60.00,68.85,8.85,57.00,50.64,-6.36,70.00,41.91,-28.09,,,,,,,,,
"Cisburro104","2026-03-15","Celtic FC 3-3 FP Sicilia 2019","LB","DEF","D",81.00,80.00,-1.00,48.00,28.33,-19.67,87.00,91.49,4.49,63.00,64.26,1.26,85.00,64.71,-20.29,,,,,,,,,
"AEXON","2026-06-27","Leeds United FC 2-2 Dunyon FC","LB","DEF","D",83.00,79.00,-4.00,67.00,46.67,-20.33,84.00,88.77,4.77,74.00,57.45,-16.55,85.00,61.76,-23.24,,,,,,,,,
"Night","2026-03-13","HD FC 4-3 Akatsuki","RB","DEF","W",88.00,88.00,0.00,63.00,21.67,-41.33,87.00,94.70,7.70,79.00,81.28,2.28,89.00,77.94,-11.06,,,,,,,,,
"Fearful","2026-02-26","VigiLant 3-0 Evriyon","RB","DEF","W",74.00,73.00,-1.00,24.00,0.00,-24.00,78.00,94.04,16.04,59.00,23.83,-35.17,75.00,44.85,-30.15,,,,,,,,,
"34sergos1950plakalotobüs","2026-07-17","OP1UM 0-3 OOG FC","RB","DEF","W",71.00,79.00,8.00,15.00,6.67,-8.33,83.00,99.75,16.75,32.00,40.43,8.43,60.00,30.88,-29.12,,,,,,,,,
"Nordmann","2026-02-04","Sunderland AFC 3-2 Pepar FC","LW","FWD","W",77.00,47.00,-30.00,78.00,42.14,-35.86,74.00,88.18,14.18,45.00,10.86,-34.14,74.00,36.67,-37.33,,,,,,,,,
"caN","2026-07-20","BC Kauno Žalgiris 5-2 Santiago United","LB","DEF","W",88.00,86.00,-2.00,78.00,55.00,-23.00,86.00,95.49,9.49,69.00,40.85,-28.15,90.00,81.62,-8.38,,,,,,,,,
"Qosay.","2026-04-05","Mythra FC 4-3 Aetherborn FC","CM","MID","L",78.00,69.00,-9.00,78.00,46.67,-31.33,78.00,83.63,5.63,75.00,81.95,6.95,87.00,74.36,-12.64,,,,,,,,,
"GloomzyZN","2026-03-31","Wembley Guardians 1-7 Velocita FC","RB","DEF","L",8.00,22.00,14.00,0.00,0.00,0.00,7.00,29.97,22.97,10.00,13.62,3.62,16.00,11.76,-4.24,,,,,,,,,
"marcinho","2026-03-24","Zakrusa 5-2 Artemis FC","LW","FWD","L",47.00,22.00,-25.00,43.00,8.33,-34.67,48.00,57.50,9.50,64.00,50.48,-13.52,50.00,28.33,-21.67,,,,,,,,,
"Almasri (The Gaffer)","2026-07-01","Hamburger SC 6-3 Paris Saint-Germain","RB","DEF","L",68.00,72.00,4.00,65.00,13.33,-51.67,66.00,89.12,23.12,69.00,54.04,-14.96,78.00,52.21,-25.79,,,,,,,,,
"bugger 31","2026-02-11","Beşiktaş JK 5-2 Zakrusa","RB","DEF","W",84.00,80.00,-4.00,25.00,0.00,-25.00,90.00,97.64,7.64,67.00,40.85,-26.15,85.00,64.71,-20.29,,,,,,,,,
"CHAOS","2026-03-31","Stungard 7-2 SSKK Kołobrzeg","RB","DEF","W",84.00,84.00,0.00,80.00,31.67,-48.33,79.00,96.56,17.56,79.00,57.45,-21.55,82.00,55.88,-26.12,,,,,,,,,
"kvnctpc5353","2026-03-22","Artemis FC 1-1 Akatsuki","RW","FWD","D",52.00,40.00,-12.00,60.00,44.64,-15.36,66.00,69.29,3.29,5.00,3.62,-1.38,35.00,17.78,-17.22,,,,,,,,,
"HawK","2026-02-22","Celtic FC 2-4 Jovel Union","LB","DEF","L",71.00,74.00,3.00,0.00,0.00,0.00,79.00,97.67,18.67,80.00,37.45,-42.55,84.00,58.82,-25.18,,,,,,,,,
"Ryusei Shidou","2026-02-06","Bird of Hermes 3-5 Galatasaray SK","GK","GK","W",60.00,36.00,-24.00,,,,45.00,23.96,-21.04,76.00,24.35,-51.65,60.00,16.00,-44.00,75.00,67.39,-7.61,60.00,12.50,-47.50,55.00,25.00,-30.00
"Night","2026-02-26","Sabertooth 4-2 HD FC","LW","FWD","L",51.00,39.00,-12.00,50.00,42.14,-7.86,63.00,67.92,4.92,54.00,18.10,-35.90,42.00,23.33,-18.67,,,,,,,,,
"fransaninkocasi","2026-07-30","Mythra FC 4-6 Bébé FC","GK","GK","L",45.00,30.00,-15.00,,,,0.00,13.93,13.93,56.00,17.39,-38.61,65.00,25.50,-39.50,40.00,34.78,-5.22,67.00,25.00,-42.00,63.00,50.00,-13.00
"GloomzyZN","2026-07-08","BC Kauno Žalgiris 3-6 Hamburger SC","RW","FWD","L",75.00,25.00,-50.00,74.00,5.83,-68.17,68.00,66.01,-1.99,79.00,68.58,-10.42,79.00,46.67,-32.33,,,,,,,,,
"Sansiz35","2026-06-28","RB Warszawa 5-2 Hamburger SC","LB","DEF","L",59.00,69.00,10.00,0.00,0.00,0.00,67.00,95.80,28.80,59.00,23.83,-35.17,70.00,36.76,-33.24,,,,,,,,,
"Oh","2026-02-19","Sakaryaspor 1-5 Jovel Union","LW","FWD","L",41.00,19.00,-22.00,27.00,2.50,-24.50,69.00,76.96,7.96,67.00,43.44,-23.56,60.00,31.11,-28.89,,,,,,,,,
"Julian","2026-07-17","Sevilla FC 1-4 Juventus FC","LW","FWD","L",58.00,34.00,-24.00,54.00,19.33,-34.67,67.00,84.25,17.25,61.00,61.34,0.34,66.00,33.89,-32.11,,,,,,,,,
"mater","2026-02-02","Sakaryaspor 5-3 Wembley Guardians","LB","DEF","L",75.00,76.00,1.00,0.00,0.00,0.00,85.00,90.45,5.45,80.00,74.89,-5.11,86.00,64.71,-21.29,,,,,,,,,
"mainoo","2026-07-25","Artemis FC 2-7 Leeds United FC","LW","FWD","W",88.00,81.00,-7.00,88.00,89.45,1.45,69.00,63.10,-5.90,70.00,43.04,-26.96,83.00,51.67,-31.33,,,,,,,,,
"PUKO","2026-04-11","Sunderland AFC 3-4 Rangers FC","CM","MID","W",45.00,41.00,-4.00,8.00,0.00,-8.00,78.00,82.88,4.88,38.00,29.33,-8.67,47.00,35.90,-11.10,,,,,,,,,
"xendr","2026-04-10","Enigma 8-1 Zakrusa","CM","MID","L",37.00,43.00,6.00,0.00,0.00,0.00,41.00,94.10,53.10,77.00,42.67,-34.33,55.00,42.31,-12.69,,,,,,,,,
"MEZARCI","2026-07-28","Mythra FC 4-6 Sabertooth","RB","DEF","L",67.00,68.00,1.00,0.00,0.00,0.00,76.00,89.12,13.12,71.00,40.85,-30.15,78.00,52.21,-25.79,,,,,,,,,
"antuhan@bandit","2026-07-26","Shadow United 9-1 Santiago United","GK","GK","W",88.00,71.00,-17.00,,,,40.00,25.57,-14.43,85.00,38.26,-46.74,71.00,40.00,-31.00,85.00,89.13,4.13,75.00,37.50,-37.50,55.00,25.00,-30.00
"pico pico pico","2026-06-24","BC Kauno Žalgiris 2-12 Shadow United","GK","GK","W",84.00,70.00,-14.00,,,,55.00,37.74,-17.26,58.00,44.35,-13.65,75.00,46.50,-28.50,81.00,78.26,-2.74,81.00,50.00,-31.00,55.00,25.00,-30.00
"VoXE","2026-07-23","Hamburger SC 6-8 Costa Dorada FC","LB","DEF","L",56.00,63.00,7.00,0.00,0.00,0.00,64.00,83.00,19.00,50.00,34.04,-15.96,75.00,44.85,-30.15,,,,,,,,,
"iwannabespace","2026-07-06","Sevilla FC 10-3 Anadolu Storm","GK","GK","L",38.00,23.00,-15.00,,,,25.00,30.15,5.15,45.00,17.39,-27.61,68.00,33.00,-35.00,0.00,0.00,0.00,81.00,50.00,-31.00,55.00,25.00,-30.00
"eksande","2026-07-22","Santiago United 2-6 TarhanSpor","GK","GK","L",56.00,42.00,-14.00,,,,63.00,42.46,-20.54,84.00,45.22,-38.78,80.00,50.50,-29.50,40.00,34.78,-5.22,75.00,37.50,-37.50,63.00,50.00,-13.00
"zeyvv","2026-07-18","Beşiktaş JK 3-1 Mythra FC","CM","MID","W",84.00,76.00,-8.00,64.00,52.78,-11.22,90.00,96.25,6.25,83.00,63.28,-19.72,88.00,82.05,-5.95,,,,,,,,,
"osheto","2026-03-11","Sakaryaspor 0-9 Valhalla FC","GK","GK","W",100.00,100.00,0.00,,,,86.00,37.11,-48.89,85.00,79.13,-5.87,94.00,85.00,-9.00,100.00,100.00,0.00,75.00,37.50,-37.50,75.00,100.00,25.00
"Sloxy","2026-07-15","Shadow United 8-5 Hamburger SC","RB","DEF","L",62.00,65.00,3.00,0.00,0.00,0.00,69.00,84.61,15.61,65.00,37.45,-27.55,78.00,52.21,-25.79,,,,,,,,,
"jeck","2026-02-22","Regard FC 0-3 SSKK Kołobrzeg","CM","MID","W",96.00,100.00,4.00,95.00,125.00,30.00,89.00,92.34,3.34,85.00,86.67,1.67,94.00,126.28,32.28,,,,,,,,,
"Proxy","2026-07-15","RB Warszawa 9-1 Paris Saint-Germain","LB","DEF","W",51.00,49.00,-2.00,0.00,0.00,0.00,62.00,64.50,2.50,29.00,10.21,-18.79,23.00,11.76,-11.24,,,,,,,,,
"gog","2026-03-28","HD FC 0-2 SSKK Kołobrzeg","RW","FWD","L",27.00,13.00,-14.00,15.00,2.50,-12.50,63.00,63.10,0.10,50.00,21.72,-28.28,35.00,17.78,-17.22,,,,,,,,,
"noochi","2026-02-22","Sunderland AFC 3-0 Regard FC","GK","GK","W",92.00,79.00,-13.00,,,,0.00,12.86,12.86,58.00,20.87,-37.13,70.00,37.50,-32.50,100.00,100.00,0.00,81.00,50.00,-31.00,55.00,25.00,-30.00
"Void","2026-03-04","Enigma 4-3 Borazanspor","LB","DEF","L",74.00,79.00,5.00,16.00,6.67,-9.33,84.00,100.34,16.34,67.00,57.45,-9.55,84.00,58.82,-25.18,,,,,,,,,
"SleepyDomino","2026-02-19","Sakaryaspor 1-5 Jovel Union","CM","MID","W",69.00,71.00,2.00,37.00,47.22,10.22,79.00,87.38,8.38,80.00,68.62,-11.38,75.00,59.62,-15.38,,,,,,,,,
"Timucin","2026-02-22","Sakaryaspor 4-7 Borazanspor","RW","FWD","L",75.00,60.00,-15.00,79.00,66.79,-12.21,60.00,57.98,-2.02,67.00,43.44,-23.56,79.00,46.67,-32.33,,,,,,,,,
"ENTY","2026-02-25","Mythra FC 4-3 Borazanspor","RW","FWD","L",80.00,68.00,-12.00,85.00,77.33,-7.67,61.00,52.50,-8.50,67.00,46.86,-20.14,84.00,54.44,-29.56,,,,,,,,,
"BOTain","2026-07-27","Stungard 6-3 Sevilla FC","CM","MID","W",74.00,74.00,0.00,62.00,57.78,-4.22,88.00,88.21,0.21,50.00,62.67,12.67,81.00,64.74,-16.26,,,,,,,,,
"csabee","2026-03-03","Sabertooth 6-1 Szot United","LW","FWD","L",38.00,26.00,-12.00,15.00,2.50,-12.50,85.00,92.29,7.29,78.00,61.54,-16.46,85.00,58.89,-26.11,,,,,,,,,
"qZenseS","2026-02-24","Jovel Union 4-2 Velocita FC","CM","MID","L",76.00,72.00,-4.00,79.00,62.78,-16.22,79.00,97.38,18.38,63.00,54.67,-8.33,84.00,71.15,-12.85,,,,,,,,,
"Max","2026-07-01","Luton Town NXTGEN 2-1 Notts County FC","RB","DEF","L",84.00,84.00,0.00,35.00,15.00,-20.00,90.00,100.85,10.85,88.00,64.68,-23.32,92.00,85.29,-6.71,,,,,,,,,
"zeyrox","2026-03-24","Zakrusa 5-2 Artemis FC","RW","FWD","W",90.00,90.00,0.00,90.00,92.79,2.79,74.00,84.96,10.96,70.00,59.82,-10.18,89.00,75.56,-13.44,,,,,,,,,
"wecks","2026-07-27","Luton Town FC 3-16 Sénmurw FC","RW","FWD","L",73.00,67.00,-6.00,74.00,63.98,-10.02,45.00,92.82,47.82,77.00,64.96,-12.04,88.00,67.78,-20.22,,,,,,,,,
"MoonRip.^^","2026-07-09","Mythra FC 2-2 Enigma","GK","GK","D",92.00,83.00,-9.00,,,,77.00,57.98,-19.02,90.00,55.65,-34.35,88.00,71.50,-16.50,81.00,78.26,-2.74,91.00,75.00,-16.00,55.00,25.00,-30.00
"mannen","2026-03-30","Leeds United FC 4-1 Artemis FC","RW","FWD","W",91.00,91.00,0.00,90.00,91.29,1.29,85.00,77.74,-7.26,62.00,67.06,5.06,92.00,86.11,-5.89,,,,,,,,,
"Kraken","2026-02-01","Zakrusa 4-3 Sabertooth","RW","FWD","L",22.00,11.00,-11.00,10.00,2.50,-7.50,62.00,62.02,0.02,48.00,18.10,-29.90,20.00,8.89,-11.11,,,,,,,,,
"gats","2026-07-28","Anatolian Leopards FC 6-3 Stungard","CM","MID","W",84.00,91.00,7.00,94.00,101.67,7.67,87.00,90.09,3.09,43.00,49.33,6.33,91.00,108.97,17.97,,,,,,,,,
"ADL OTW","2026-07-31","Pergamonos 2-3 Akatsuki","RB","DEF","W",100.00,94.00,-6.00,20.00,6.67,-13.33,,,,89.00,100.00,11.00,,,,,,,,,,,,
"SIA","2026-06-29","Sevilla FC 17-2 Aura FC","RB","DEF","W",92.00,89.00,-3.00,90.00,55.00,-35.00,87.00,88.17,1.17,79.00,64.68,-14.32,98.00,113.97,15.97,,,,,,,,,
"Clown","2026-02-21","HD FC 1-8 Sabertooth","RB","DEF","L",30.00,42.00,12.00,15.00,15.00,0.00,30.00,56.25,26.25,30.00,13.62,-16.38,42.00,23.53,-18.47,,,,,,,,,
"JAZENGER.","2026-02-22","TarhanSpor 3-0 Las Noches","RW","FWD","L",93.00,89.00,-4.00,100.00,96.67,-3.33,67.00,59.76,-7.24,79.00,68.38,-10.62,96.00,95.00,-1.00,,,,,,,,,
"Richie","2026-07-20","Paris Saint-Germain 3-8 Akatsuki","RW","FWD","W",100.00,100.00,0.00,100.00,100.00,0.00,76.00,82.82,6.82,80.00,77.92,-2.08,100.00,110.00,10.00,,,,,,,,,
