id,league_id,played_at,home_team,away_team,home_score,away_score,created_at,stage,group_name,day,forfeited_by
017cb3c5-2106-41b9-9e96-be7b98856f43,a62a4f39-567a-4ad4-97f8-c75e7d67482e,2026-03-13 18:00:00+00,SSKK Kołobrzeg,Northguards,3,0,2026-03-12 18:56:44.975977+00,group,,7,away
01f0ec3f-3dcc-420d-a605-b565e1667afd,36bda9a8-61d7-4d02-857c-398fc553322c,2026-03-01 23:29:00+00,Artemis FC,Valhalla FC,8,1,2026-02-26 19:17:46.922544+00,group,,5,
031ce908-d779-4e20-909f-8e038e7b3848,0f8d720d-3273-496e-8ede-7c2bd4817a91,2026-01-29 18:30:00+00,Zakrusa,Borazanspor,8,11,2026-03-04 14:45:11.228259+00,group,,1,
0370f5b6-04c4-4134-82f2-b406c18923c5,0f8d720d-3273-496e-8ede-7c2bd4817a91,2026-02-03 19:30:00+00,Las Noches,Valientes GANG,3,4,2026-03-04 14:48:45.942546+00,group,,2,
043bed46-8f5f-4a4f-832f-6a9e889ff98c,006607c7-b380-4438-8570-81d7673d8dd2,2026-03-11 19:00:00+00,Szot United,HD FC,5,4,2026-03-12 18:54:03.37151+00,group,Group C,3,
044d7744-e56f-4853-90da-fc31e44a94a3,95e295b3-d936-4c75-935f-14a615ecbf42,2026-04-06 15:19:31.184+00,Galatasaray SK,Velocita FC,0,3,2026-04-06 15:19:31.259757+00,,,,home
050d1fa1-098d-41f7-854b-5246777ce16a,36bda9a8-61d7-4d02-857c-398fc553322c,2026-02-28 20:15:27.175+00,Beşiktaş JK,Enigma,7,2,2026-02-26 19:17:46.5321+00,group,,5,
05f1cb42-31d3-434a-8e46-eaaf25bf1a65,36bda9a8-61d7-4d02-857c-398fc553322c,2026-02-22 17:18:19.444+00,Artemis FC,Pau FC,2,3,2026-02-18 23:06:31.474641+00,group,,3,
05fd0280-c2ae-43bf-aa2b-51ba50be7193,a62a4f39-567a-4ad4-97f8-c75e7d67482e,2026-03-25 19:00:00+00,SSKK Kołobrzeg,Luton Town FC,1,5,2026-03-23 00:13:59.067968+00,group,,8,
076b89c7-10da-43b9-ab3e-559089970de0,95e295b3-d936-4c75-935f-14a615ecbf42,2026-02-21 22:57:46.243+00,FC Roma,Galatasaray SK,3,0,2026-02-19 22:13:53.557065+00,group,,2,away
087d0710-8698-47dc-bf19-0420744c943a,006607c7-b380-4438-8570-81d7673d8dd2,2026-04-09 20:00:00+00,Velocita FC,Jovel Union,,,2026-04-06 15:16:21.980624+00,semi,,,
093dd75f-17be-44c3-9418-a0fcad449552,0f8d720d-3273-496e-8ede-7c2bd4817a91,2026-01-29 19:00:00+00,Jovel Union,VigiLant,2,3,2026-03-04 14:45:11.33637+00,group,,1,
0bcfb905-1fd7-4f14-ba6d-78265d715299,a3bcb040-e540-4dcf-91eb-fea8d035ae93,2026-02-02 19:00:00+00,Heroes FC,Galatasaray SK,0,16,2026-03-04 14:54:46.32087+00,group,,2,
0c20a9ea-7995-443d-89e4-8c293dfa644d,95e295b3-d936-4c75-935f-14a615ecbf42,2026-02-19 23:42:16.66+00,Del'Sole,Galatasaray SK,0,0,2026-02-19 22:16:37.050182+00,group,,1,both
0c20e50d-54a4-4e6c-8a2a-57fd923cc6f8,006607c7-b380-4438-8570-81d7673d8dd2,2026-02-25 21:25:59.079+00,Stungard,Szot United,4,3,2026-02-24 22:34:49.54201+00,group,Group C,1,
0c616684-c560-4f3b-9942-0ee20df90ade,a62a4f39-567a-4ad4-97f8-c75e7d67482e,2026-03-13 19:00:00+00,Sabertooth,TarhanSpor,8,5,2026-03-12 18:56:45.495428+00,group,,7,
0d1daf27-bb2c-44e6-ada6-61c27f69fe11,36bda9a8-61d7-4d02-857c-398fc553322c,2026-03-07 19:00:00+00,Cute Boys FC,Artemis FC,4,3,2026-03-07 19:23:45.134256+00,group,,6,
0d5490f2-4302-4e08-887e-7bac8a7157c9,c580ed16-6585-4948-9732-c73f93b18b27,2026-03-30 19:30:00+00,Pau FC,Valhalla FC,11,1,2026-03-27 23:27:56.520859+00,quarter-finals,,,
0d6a765a-7c46-4d67-a492-95945ba826d1,36bda9a8-61d7-4d02-857c-398fc553322c,2026-03-23 00:42:29.379+00,Valientes GANG,Evriyon,0,0,2026-03-23 00:42:30.711101+00,,,,both
0dc677ad-c033-4322-b8e8-120a76073870,95e295b3-d936-4c75-935f-14a615ecbf42,2026-02-24 00:27:50.262+00,Del'Sole,Stungard,0,3,2026-02-19 22:52:18.814569+00,group,,4,home
0f88d185-cd63-4c10-ad1f-735b04b63057,36bda9a8-61d7-4d02-857c-398fc553322c,2026-02-22 00:45:26.147+00,Evriyon,Leeds United FC,0,3,2026-02-18 23:05:15.661678+00,group,,2,home
10093bad-082d-4a36-a236-bb92d4ed6457,36bda9a8-61d7-4d02-857c-398fc553322c,2026-02-22 17:45:14.841+00,Valhalla FC,Aetherborn FC,1,4,2026-02-19 22:39:51.367626+00,group,,4,
10186c5a-345e-47e9-9d17-2f44cc28c183,006607c7-b380-4438-8570-81d7673d8dd2,2026-04-07 19:30:00+00,Luton Town FC,Stungard,,,2026-04-06 15:14:25.623294+00,semi-finals,,,
1028e5ef-2442-4f32-b91c-f30cec3de548,95e295b3-d936-4c75-935f-14a615ecbf42,2026-02-19 17:30:00+00,Szot United,Velocita FC,1,6,2026-02-18 22:17:06.769361+00,group,,3,
105b347b-0c61-47cf-a7c6-5ac2584f9be9,006607c7-b380-4438-8570-81d7673d8dd2,2026-03-03 22:02:54.87+00,Sabertooth,Szot United,6,1,2026-03-01 22:24:22.962695+00,group,Group C,2,
1141368c-9a6e-489d-a039-4319cfed8a29,95e295b3-d936-4c75-935f-14a615ecbf42,2026-03-15 18:50:00+00,Borazanspor,Wembley Guardians,5,6,2026-03-14 23:07:00.633324+00,group,,7,
118b956e-e31e-4f03-af44-774be970ab66,95e295b3-d936-4c75-935f-14a615ecbf42,2026-03-08 17:30:00+00,Wembley Guardians,FP Sicilia 2019,5,4,2026-03-04 23:18:33.268554+00,group,,6,
119559e0-c5ef-4589-811b-a51c608a0af0,006607c7-b380-4438-8570-81d7673d8dd2,2026-04-02 18:00:00+00,SSKK Kołobrzeg,Stungard,0,4,2026-03-31 23:51:31.962235+00,quarter-finals,,,
12847716-c05b-4c75-b95a-67654803bd8e,c580ed16-6585-4948-9732-c73f93b18b27,2026-03-30 18:00:00+00,Enigma,Aetherborn FC,3,4,2026-03-27 23:27:55.683105+00,quarter-finals,,,
1369b9a6-0028-457f-8f03-b6d89f56151b,006607c7-b380-4438-8570-81d7673d8dd2,2026-03-03 20:17:38.436+00,Jovel Union,Northguards,3,0,2026-03-01 22:24:22.334569+00,group,Group A,2,away
14a392c5-a62b-4e5d-bf36-405ef8990071,95e295b3-d936-4c75-935f-14a615ecbf42,2026-03-15 19:00:00+00,Szot United,Del'Sole,3,0,2026-03-14 23:07:36.091211+00,group,,7,away
15ed4cee-c763-438e-9701-169ee452260e,95e295b3-d936-4c75-935f-14a615ecbf42,2026-02-22 19:02:41.021+00,Sakaryaspor,Borazanspor,4,7,2026-02-19 22:52:18.334167+00,group,,4,
16f1d06d-acde-4a48-8c5d-22eb23e6fe7b,36bda9a8-61d7-4d02-857c-398fc553322c,2026-03-24 18:00:00+00,Leeds United FC,Aetherborn FC,8,1,2026-03-23 00:13:46.256385+00,group,,8,
16f687a6-d6ce-45e2-95e3-0043d4eebaa7,c580ed16-6585-4948-9732-c73f93b18b27,2026-02-25 21:22:26.333+00,Mythra FC,Borazanspor,4,3,2026-02-24 22:27:04.422281+00,group,Group C,1,
188b8d30-88b3-4bf3-9de6-aafc62fbcb97,95e295b3-d936-4c75-935f-14a615ecbf42,2026-03-23 00:41:52.69+00,Del'Sole,FP Sicilia 2019,0,3,2026-03-23 00:41:53.851094+00,,,,home
1976eddb-5378-4453-9ae3-6f6683b90604,a62a4f39-567a-4ad4-97f8-c75e7d67482e,2026-02-24 00:23:17.169+00,Sunderland AFC,Sabertooth,3,0,2026-02-22 16:06:52.361277+00,group,,4,
19d734a3-b126-4ecf-acd2-43e17862d1c6,95e295b3-d936-4c75-935f-14a615ecbf42,2026-03-23 00:41:52.69+00,Del'Sole,Celtic FC,0,3,2026-03-23 00:41:53.903181+00,,,,home
1b262c95-3010-4886-a99e-249c7699bf4e,c580ed16-6585-4948-9732-c73f93b18b27,2026-03-12 18:00:00+00,Borazanspor,Cute Boys FC,3,5,2026-03-12 18:52:57.027813+00,group,Group C,3,
1d1e3da7-e248-4af4-8311-0f6726281d15,36bda9a8-61d7-4d02-857c-398fc553322c,2026-02-21 22:48:58.562+00,Valhalla FC,Zakrusa,3,5,2026-02-18 23:05:16.013315+00,group,,2,
1d44e38f-5c76-40dd-baf1-1c02681b47f6,006607c7-b380-4438-8570-81d7673d8dd2,2026-02-24 22:52:32.755+00,Celtic FC,FP Sicilia 2019,3,4,2026-02-24 22:34:49.210791+00,group,Group D,1,
1dd9934d-36d7-4f02-a310-9135a3c789f9,c580ed16-6585-4948-9732-c73f93b18b27,2026-03-04 19:00:00+00,Aetherborn FC,Zakrusa,8,3,2026-03-01 22:24:42.446802+00,group,Group D,2,
1e1e875c-419f-451f-8ba2-11b2e72a3a79,36bda9a8-61d7-4d02-857c-398fc553322c,2026-03-27 21:21:41.597+00,Valientes GANG,Zakrusa,0,3,2026-03-27 21:21:41.921975+00,,,,home
1e1f2e02-60f4-46ce-a371-e8b10f0745dc,95e295b3-d936-4c75-935f-14a615ecbf42,2026-03-15 18:30:00+00,Galatasaray SK,Jovel Union,0,3,2026-03-14 23:07:00.186772+00,group,,7,home
1e727e83-5023-4666-bb8c-11d8ffeaddb4,006607c7-b380-4438-8570-81d7673d8dd2,2026-03-31 19:00:00+00,Luton Town FC,Sabertooth,,,2026-03-27 23:27:03.08614+00,Quarter-Finals,,,
1ea8f22c-9452-4f6b-93db-33724a15f128,0f8d720d-3273-496e-8ede-7c2bd4817a91,2026-01-31 18:30:00+00,Evriyon,Wembley Guardians,4,2,2026-03-04 14:45:11.695064+00,group,,1,
1f435158-fa2e-4c01-aef8-c95f82a1449d,36bda9a8-61d7-4d02-857c-398fc553322c,2026-02-19 23:01:00+00,Pau FC,Aetherborn FC,8,1,2026-02-19 22:38:35.853207+00,group,,,
21392f3d-0ce0-4d58-ac89-d382cfc42c5f,95e295b3-d936-4c75-935f-14a615ecbf42,2026-02-15 17:30:00+00,Del'Sole,Velocita FC,0,3,2026-02-19 22:13:53.805026+00,group,,2,home
225c1be0-7359-4dd3-8c28-6267de227172,36bda9a8-61d7-4d02-857c-398fc553322c,2026-04-05 20:30:00+00,Mythra FC,Aetherborn FC,4,3,2026-04-03 18:53:53.754316+00,group,,10,
2524d367-ba5f-45d7-b123-04d22a426a8b,95e295b3-d936-4c75-935f-14a615ecbf42,2026-02-23 00:19:11.375+00,Jovel Union,FC Roma,4,3,2026-02-19 22:52:19.145268+00,group,,4,
266dc272-18e2-4bd4-b533-900e83945143,a62a4f39-567a-4ad4-97f8-c75e7d67482e,2026-04-04 18:00:00+00,Luton Town FC,Sunderland AFC,5,1,2026-04-04 17:36:42.746753+00,group,,10,
270c649e-6029-4777-be8b-1322baa40539,95e295b3-d936-4c75-935f-14a615ecbf42,2026-03-26 18:30:00+00,Jovel Union,Szot United,0,0,2026-03-23 00:14:13.219885+00,group,,8,
27a287ab-f6db-43d4-9f35-30fc6b5156f8,36bda9a8-61d7-4d02-857c-398fc553322c,2026-03-13 19:00:00+00,Leeds United FC,Artemis FC,16,0,2026-03-12 18:48:21.370453+00,group,,3,
28470a8e-7c7b-48bd-adba-bda81b26ccad,c580ed16-6585-4948-9732-c73f93b18b27,2026-02-25 21:34:02.335+00,Enigma,Cute Boys FC,9,1,2026-02-24 22:27:39.18982+00,group,Group C,1,
28a7f9e8-b7b7-4704-9657-7483f521fb0d,a62a4f39-567a-4ad4-97f8-c75e7d67482e,2026-02-22 00:57:00+00,Regard FC,SSKK Kołobrzeg,0,3,2026-02-22 00:57:57.430411+00,,,2,home
28eb2d51-effd-4654-a809-48d1736397ae,95e295b3-d936-4c75-935f-14a615ecbf42,2026-02-19 23:35:43.526+00,Sakaryaspor,Jovel Union,1,5,2026-02-19 22:16:36.913245+00,group,,1,
2a119187-6e7a-45c9-82f7-79fdd71171cd,006607c7-b380-4438-8570-81d7673d8dd2,2026-03-03 20:24:00+00,Wembley Guardians,FP Sicilia 2019,2,1,2026-03-01 22:24:22.575989+00,group,Group D,2,
2a8a44d5-49df-4ee4-b4fe-2126b2577a18,006607c7-b380-4438-8570-81d7673d8dd2,2026-03-11 18:00:00+00,Luton Town FC,Rangers FC,5,1,2026-03-12 18:54:03.063946+00,group,Group B,3,
2ac6812b-064b-47aa-819e-8502396a8016,c580ed16-6585-4948-9732-c73f93b18b27,2026-03-11 17:30:00+00,Beşiktaş JK,Zakrusa,8,2,2026-03-12 18:48:21.500931+00,group,Group D,3,
2b740a5f-7700-4636-823d-8fab6112a99d,a62a4f39-567a-4ad4-97f8-c75e7d67482e,2026-02-22 17:11:00+00,SSKK Kołobrzeg,VigiLant,3,1,2026-02-22 17:11:43.287472+00,,,3,
2c83e77d-39d4-480c-a792-2ef35f3e4545,0f8d720d-3273-496e-8ede-7c2bd4817a91,2026-02-01 19:00:00+00,Zakrusa,Sabertooth,4,3,2026-03-04 14:48:24.096638+00,group,,2,
2d75b744-36be-4101-be88-30f9123523a2,36bda9a8-61d7-4d02-857c-398fc553322c,2026-03-14 19:00:00+00,Valhalla FC,Valientes GANG,3,0,2026-03-14 23:04:32.206473+00,group,,7,away
2e634c7d-aafb-40c1-a7c7-3035dc72511a,36bda9a8-61d7-4d02-857c-398fc553322c,2026-04-03 18:00:00+00,Leeds United FC,Enigma,3,4,2026-04-03 18:53:53.481887+00,group,,10,
2e7415b9-2a6a-4472-8e31-a8aa260a8364,006607c7-b380-4438-8570-81d7673d8dd2,2026-02-26 23:13:20.252+00,Sabertooth,HD FC,4,2,2026-02-24 22:35:21.683617+00,group,Group C,1,
30497bca-6b74-4b18-a1bd-a9426f36134a,95e295b3-d936-4c75-935f-14a615ecbf42,2026-02-22 16:57:28.885+00,Sakaryaspor,Del'Sole,3,0,2026-02-18 22:17:07.012999+00,group,,3,away
309ad357-2e64-4c92-ab06-a0f09aa7761f,c580ed16-6585-4948-9732-c73f93b18b27,2026-04-08 20:00:00+00,Beşiktaş JK,Leeds United FC,,,2026-04-06 15:13:58.319461+00,semi-final,,,
31333b18-9175-45be-9519-9e8dcbe198f4,006607c7-b380-4438-8570-81d7673d8dd2,2026-03-10 18:30:00+00,FP Sicilia 2019,Akatsuki,2,5,2026-03-12 18:54:02.492444+00,group,Group D,3,
317c009a-817d-4bca-9227-387368dbdb34,a62a4f39-567a-4ad4-97f8-c75e7d67482e,2026-03-13 19:30:00+00,HD FC,Akatsuki,4,3,2026-03-12 18:56:45.758047+00,group,,7,
357bb3c1-f86c-417b-ba83-20077f28b334,a62a4f39-567a-4ad4-97f8-c75e7d67482e,2026-03-13 19:00:00+00,VigiLant,Regard FC,3,0,2026-03-12 18:57:53.616965+00,group,,7,away
3587a12b-fdf7-4f3e-9a02-60862d7daf16,006607c7-b380-4438-8570-81d7673d8dd2,2026-03-03 20:26:00+00,HD FC,Stungard,1,4,2026-03-03 20:26:48.834388+00,group,Group C,2,
35a6796d-6765-482a-a1b6-13b36b7f2cb1,006607c7-b380-4438-8570-81d7673d8dd2,2026-03-31 18:30:00+00,Stungard,SSKK Kołobrzeg,7,2,2026-03-27 23:27:02.668812+00,Quarter-Finals,,,
370c0953-e7aa-4118-8e69-a4a2d072cf86,36bda9a8-61d7-4d02-857c-398fc553322c,2026-02-22 15:53:00+00,Valientes GANG,Mythra FC,0,3,2026-02-22 15:53:03.694479+00,,,,home
374d94be-aecc-4d43-bf49-c8036ed13f3e,c580ed16-6585-4948-9732-c73f93b18b27,2026-04-08 19:15:00+00,Pau FC,Aetherborn FC,,,2026-04-06 15:13:57.956016+00,semi-final,,,
3829b665-cbf9-4296-95bd-d6c7e74822fb,a62a4f39-567a-4ad4-97f8-c75e7d67482e,2026-03-25 18:00:00+00,VigiLant,HD FC,6,2,2026-03-23 00:13:58.537111+00,group,,8,
39ec2337-e93c-4673-8974-61c1e0f90cd5,c580ed16-6585-4948-9732-c73f93b18b27,2026-03-11 19:30:00+00,Sakaryaspor,Valhalla FC,0,9,2026-03-12 18:52:57.631081+00,group,Group B,3,
3ba0b0cb-1617-49fc-98b2-9e69d76b36da,36bda9a8-61d7-4d02-857c-398fc553322c,2026-03-24 18:30:00+00,Beşiktaş JK,Valhalla FC,9,1,2026-03-23 00:13:46.728468+00,group,,8,
3c756bdd-666a-4450-b264-df5ecde15e3c,95e295b3-d936-4c75-935f-14a615ecbf42,2026-02-22 00:36:28.847+00,Celtic FC,Borazanspor,1,1,2026-02-19 22:13:53.941941+00,group,,2,
3ce3a619-cde2-4e12-a9ea-3280e2e0ae87,36bda9a8-61d7-4d02-857c-398fc553322c,2026-03-07 18:30:00+00,Evriyon,Valhalla FC,0,3,2026-03-07 19:23:45.434552+00,group,,6,home
3dac7297-0540-451e-9378-0e096c909ab8,006607c7-b380-4438-8570-81d7673d8dd2,2026-03-31 19:30:00+00,Wembley Guardians,Velocita FC,1,7,2026-03-27 23:27:03.763825+00,Quarter-Finals,,,
3e5edba7-8136-42db-a968-75e974d91140,006607c7-b380-4438-8570-81d7673d8dd2,2026-04-02 18:30:00+00,Akatsuki,Jovel Union,0,3,2026-03-31 23:51:32.262982+00,quarter-finals,,,
41f0176e-5e42-4e20-9acc-134ab1b0ba9d,a3bcb040-e540-4dcf-91eb-fea8d035ae93,2026-02-06 19:45:00+00,Pepar FC,FC Roma,0,3,2026-03-04 14:55:11.567437+00,group,,3,home
42a16bd0-bd58-452d-a178-f36e818d5b30,36bda9a8-61d7-4d02-857c-398fc553322c,2026-03-27 21:21:41.597+00,Valientes GANG,Beşiktaş JK,0,3,2026-03-27 21:21:41.795966+00,,,,home
43a5e26d-6f9b-48ed-babe-8ff275855619,c580ed16-6585-4948-9732-c73f93b18b27,2026-02-25 19:00:00+00,Pau FC,Valientes GANG,3,0,2026-02-24 22:27:39.316509+00,group,Group A,1,away
44393b5f-8a87-440d-9086-d59cf6368ff0,c580ed16-6585-4948-9732-c73f93b18b27,2026-04-01 20:00:00+00,Valhalla FC,Pau FC,6,10,2026-03-31 23:48:19.033114+00,quarter-finals,,,
44acf10a-9740-4183-810a-5bd568355930,95e295b3-d936-4c75-935f-14a615ecbf42,2026-03-29 18:30:00+00,Sakaryaspor,FC Roma,1,2,2026-03-25 22:20:53.718358+00,group,,9,
44f30d9c-9ecf-4aa9-ad5a-14c6f4997c7f,006607c7-b380-4438-8570-81d7673d8dd2,2026-03-03 20:20:23.075+00,TarhanSpor,Velocita FC,1,5,2026-03-01 22:24:22.158577+00,group,Group A,2,
459b80ce-7421-48a8-b0a6-1da4c947f4f0,a62a4f39-567a-4ad4-97f8-c75e7d67482e,2026-03-25 17:30:00+00,TarhanSpor,Sunderland AFC,0,4,2026-03-23 00:13:58.26877+00,group,,8,
45dc2601-905c-41b8-8920-e204436b1854,c580ed16-6585-4948-9732-c73f93b18b27,2026-03-04 18:30:00+00,Beşiktaş JK,Las Noches,3,0,2026-03-01 22:24:42.328232+00,group,Group D,2,away
46c051b7-a92a-437f-b414-cce664cdc2ef,a62a4f39-567a-4ad4-97f8-c75e7d67482e,2026-03-25 19:30:00+00,Akatsuki,Las Noches,3,0,2026-03-23 00:13:59.344933+00,group,,8,away
47730298-168a-4087-ae62-1d7b813f6814,c580ed16-6585-4948-9732-c73f93b18b27,2026-04-06 19:30:00+00,Aetherborn FC,Pau FC,,,2026-04-04 17:37:39.528651+00,semi,,,
482294ea-282b-49b2-b1a0-f42a05914150,a62a4f39-567a-4ad4-97f8-c75e7d67482e,2026-02-22 00:40:53.311+00,Sunderland AFC,Northguards,3,0,2026-02-19 22:19:32.444751+00,group,,2,away
48aa1303-fd53-48e4-91e4-6da634cd1a92,006607c7-b380-4438-8570-81d7673d8dd2,2026-03-03 19:00:04.182+00,Akatsuki,Celtic FC,10,3,2026-03-01 22:24:22.454204+00,group,Group D,2,
48fa8117-647b-4337-928d-562279cd4e51,006607c7-b380-4438-8570-81d7673d8dd2,2026-03-11 19:00:00+00,Sabertooth,Stungard,2,5,2026-03-12 18:54:02.786762+00,group,Group C,3,
49609039-e24e-4dcb-9a9a-e285e627ad50,c580ed16-6585-4948-9732-c73f93b18b27,2026-03-04 20:30:00+00,VigiLant,Valientes GANG,3,0,2026-03-01 22:24:42.689389+00,group,Group A,2,away
4a246baf-f042-4782-a363-70a446d3f3ef,36bda9a8-61d7-4d02-857c-398fc553322c,2026-02-22 15:38:59.185+00,Artemis FC,Mythra FC,3,5,2026-02-18 23:05:15.784673+00,group,,2,
4a4b7303-6102-4b62-9d51-e882afce6842,a62a4f39-567a-4ad4-97f8-c75e7d67482e,2026-02-27 19:39:16.182+00,VigiLant,Sabertooth,8,5,2026-02-24 23:49:43.39834+00,group,,5,
4ac539ee-2ac5-479f-bfc7-f19bb7a65a14,95e295b3-d936-4c75-935f-14a615ecbf42,2026-03-23 00:41:52.69+00,Del'Sole,Jovel Union,0,3,2026-03-23 00:41:53.956318+00,,,,home
4c36e170-64b6-4003-b4e7-a226823d7255,c580ed16-6585-4948-9732-c73f93b18b27,2026-02-27 21:04:00+00,Beşiktaş JK,Aetherborn FC,5,2,2026-02-24 22:27:39.524184+00,group,Group D,1,
4ce1d722-5385-483b-b0d0-871333b0576d,a62a4f39-567a-4ad4-97f8-c75e7d67482e,2026-02-24 00:30:39.151+00,TarhanSpor,Luton Town FC,3,4,2026-02-22 16:06:52.239916+00,group,,4,
4d0b217d-5ee7-43cd-b2c8-c1828a2cde9f,a3bcb040-e540-4dcf-91eb-fea8d035ae93,2026-01-30 18:30:00+00,Sunderland AFC,Heroes FC,4,3,2026-03-04 14:54:23.086156+00,group,,1,
4ee38ebb-a3e5-4bd0-bc0e-7cc91d7d20a2,006607c7-b380-4438-8570-81d7673d8dd2,2026-03-23 18:30:00+00,Evriyon,SSKK Kołobrzeg,0,3,2026-03-22 23:30:11.288338+00,round of 16,,,home
4f26a115-3a6b-4968-9bed-a3f0d1bce362,95e295b3-d936-4c75-935f-14a615ecbf42,2026-03-23 00:41:52.69+00,Del'Sole,Wembley Guardians,0,3,2026-03-23 00:41:54.012934+00,,,,home
52c781cc-1728-48fa-bff3-0a68ecc24bcc,c580ed16-6585-4948-9732-c73f93b18b27,2026-03-11 19:15:00+00,Pau FC,VigiLant,8,2,2026-03-14 23:16:41.571884+00,group,Group A,3,
53440b8a-b194-4490-a116-ee336c7da99d,95e295b3-d936-4c75-935f-14a615ecbf42,2026-03-15 17:30:00+00,Sakaryaspor,Stungard,2,9,2026-03-14 23:06:59.441488+00,group,,7,
53665c2e-f512-4c7d-892a-31f04549ce79,a62a4f39-567a-4ad4-97f8-c75e7d67482e,2026-02-27 19:32:34.871+00,SSKK Kołobrzeg,Sunderland AFC,2,3,2026-02-24 23:49:43.268962+00,group,,5,
58830249-c2d6-4e90-a451-d63b21955bae,95e295b3-d936-4c75-935f-14a615ecbf42,2026-02-22 15:56:15.238+00,Galatasaray SK,Borazanspor,0,3,2026-02-18 22:17:06.651585+00,group,,3,home
58d9a6c3-e710-4da2-8f03-e19990b4b43e,36bda9a8-61d7-4d02-857c-398fc553322c,2026-03-27 19:30:00+00,Pau FC,Cute Boys FC,25,5,2026-03-25 22:18:15.232342+00,group,,9,
590d706b-dde1-482d-9c7f-ec8286bd8aee,006607c7-b380-4438-8570-81d7673d8dd2,2026-02-24 20:00:00+00,Luton Town FC,Del'Sole,3,0,2026-02-24 22:35:21.793889+00,group,Group B,1,away
5a096ce6-9b72-4baa-b6e6-ea18ea4fd54a,a3bcb040-e540-4dcf-91eb-fea8d035ae93,2026-02-03 18:00:00+00,Bird of Hermes,Regard FC,4,7,2026-03-04 14:54:45.627449+00,group,,2,
5a8dac91-2e6b-46be-a398-e48402343a94,c580ed16-6585-4948-9732-c73f93b18b27,2026-03-15 18:00:00+00,Artemis FC,Leeds United FC,3,9,2026-03-14 23:03:48.904643+00,group,Group B,2,
5bb476eb-1beb-4617-9232-0441817b1d5d,95e295b3-d936-4c75-935f-14a615ecbf42,2026-03-29 18:00:00+00,Wembley Guardians,Stungard,4,4,2026-03-25 22:20:53.261246+00,group,,9,
5c74d44a-1dd0-4efe-8f6b-2017a391c268,0f8d720d-3273-496e-8ede-7c2bd4817a91,2026-02-01 18:00:00+00,Cute Boys FC,Borazanspor,4,3,2026-03-04 14:48:23.886673+00,group,,2,
5c81488e-8ea7-4668-9b02-513864b1caf7,a62a4f39-567a-4ad4-97f8-c75e7d67482e,2026-02-22 17:03:26.791+00,TarhanSpor,Las Noches,3,0,2026-02-19 22:20:01.348587+00,group,,3,away
5cce9349-8e4e-4184-9081-6f768e0b9643,36bda9a8-61d7-4d02-857c-398fc553322c,2026-03-07 19:00:00+00,Enigma,Valientes GANG,3,0,2026-03-07 19:24:47.508396+00,group,,6,away
5d56ae01-a7c1-4d33-b2da-84e05e5b11bb,c580ed16-6585-4948-9732-c73f93b18b27,2026-03-11 20:00:00+00,Enigma,Mythra FC,3,6,2026-03-12 18:52:57.937671+00,group,Group C,3,
5d6ea828-9d9d-4171-bdc4-6d2c7b0e078e,c580ed16-6585-4948-9732-c73f93b18b27,2026-04-06 18:45:00+00,Leeds United FC,Beşiktaş JK,,,2026-04-04 17:37:39.273948+00,semi,,,
5df03f31-366f-4c46-ac7f-678c1954c20d,36bda9a8-61d7-4d02-857c-398fc553322c,2026-02-22 17:24:41.588+00,Mythra FC,Enigma,1,3,2026-02-19 22:39:50.817052+00,group,,4,
5ed41836-4ddd-4a08-b369-d4a8cb514de1,a62a4f39-567a-4ad4-97f8-c75e7d67482e,2026-02-27 21:11:10.608+00,Northguards,TarhanSpor,0,3,2026-02-24 23:49:43.691787+00,group,,5,home
609464f5-8c25-4ae5-a0a7-79abfd6a03ab,95e295b3-d936-4c75-935f-14a615ecbf42,2026-02-21 22:59:32.418+00,Sakaryaspor,FP Sicilia 2019,2,2,2026-02-19 22:13:54.093186+00,group,,2,
60ffaf4c-a737-42a8-b521-5ffb3842c009,a62a4f39-567a-4ad4-97f8-c75e7d67482e,2026-02-13 19:30:00+00,Rangers FC,TarhanSpor,3,3,2026-03-25 19:54:00.036158+00,,,1,
61d0cf7a-ba7c-4b35-b1b4-5151b0669704,36bda9a8-61d7-4d02-857c-398fc553322c,2026-02-19 23:27:00+00,Valientes GANG,Artemis FC,0,3,2026-02-18 23:03:29.396366+00,group,,1,home
61ebf4ae-e804-4c5b-93f7-600a225c09fe,a62a4f39-567a-4ad4-97f8-c75e7d67482e,2026-03-23 00:33:31.716+00,Regard FC,Las Noches,0,0,2026-03-23 00:33:33.072689+00,,,,both
6266fb87-4573-4fdc-a586-0dd993c73b0d,95e295b3-d936-4c75-935f-14a615ecbf42,2026-03-01 23:31:07.639+00,FC Roma,Del'Sole,3,0,2026-02-26 19:18:05.077494+00,group,,5,away
659df8e3-d7f4-488b-9832-83d41053b8b7,c580ed16-6585-4948-9732-c73f93b18b27,2026-03-30 18:30:00+00,Beşiktaş JK,VigiLant,12,6,2026-03-27 23:27:55.984528+00,quarter-finals,,,
68250fbb-e4a8-4571-9902-a42c6b7a4a32,006607c7-b380-4438-8570-81d7673d8dd2,2026-03-21 19:00:00+00,Velocita FC,Cute Boys FC,3,0,2026-03-22 23:28:43.493526+00,round of 16,,16,away
68f0b44e-dab8-4f1c-9324-57c8b7b1dfc4,36bda9a8-61d7-4d02-857c-398fc553322c,2026-03-27 21:21:41.597+00,Valientes GANG,Pau FC,0,3,2026-03-27 21:21:41.663726+00,,,,home
694bf0e8-aa81-40d1-9253-3ae7dbc044b2,36bda9a8-61d7-4d02-857c-398fc553322c,2026-04-03 18:52:00+00,Valhalla FC,Cute Boys FC,4,0,2026-04-03 18:52:19.887658+00,,,10,
69619220-fd49-4d61-ab46-1f45aece61c9,36bda9a8-61d7-4d02-857c-398fc553322c,2026-02-11 19:30:00+00,Beşiktaş JK,Zakrusa,5,2,2026-02-18 23:03:29.172637+00,group,,,
6b32ade8-f2de-4809-9ea6-44e8c9ad14ac,36bda9a8-61d7-4d02-857c-398fc553322c,2026-02-22 17:42:40.855+00,Artemis FC,Evriyon,3,0,2026-02-19 22:39:51.504503+00,group,,4,away
6bc81c09-fac6-492e-bfc0-9cae5f6f0986,a62a4f39-567a-4ad4-97f8-c75e7d67482e,2026-02-16 19:30:00+00,VigiLant,Rangers FC,4,7,2026-02-19 22:19:32.939298+00,group,,2,
6c2bab57-54a8-4f18-a8a5-8ea2b6dba18b,95e295b3-d936-4c75-935f-14a615ecbf42,2026-04-05 19:30:00+00,Stungard,Borazanspor,0,3,2026-04-04 17:37:18.04136+00,group,,10,home
6f00fda7-eb98-4076-9893-5dfa5f4ea4dd,95e295b3-d936-4c75-935f-14a615ecbf42,2026-02-22 20:37:24.853+00,FP Sicilia 2019,Szot United,8,1,2026-02-19 22:52:18.586289+00,group,,4,
70b394cd-e757-4895-b92b-537ef11e5b19,a62a4f39-567a-4ad4-97f8-c75e7d67482e,2026-02-24 00:35:00+00,Rangers FC,HD FC,5,0,2026-02-22 16:06:51.944611+00,group,,4,
71563548-e6c9-417d-ac7d-0010ddcf7e31,36bda9a8-61d7-4d02-857c-398fc553322c,2026-03-14 17:00:00+00,Zakrusa,Mythra FC,0,3,2026-03-14 23:03:48.268592+00,group,,7,home
740d9991-2674-413b-a9d7-8f777a0f69ed,c580ed16-6585-4948-9732-c73f93b18b27,2026-03-11 18:00:00+00,Las Noches,Aetherborn FC,0,3,2026-03-12 18:48:21.602844+00,group,Group D,3,home
745c07a4-3a29-42fb-979b-ca9755681aaa,36bda9a8-61d7-4d02-857c-398fc553322c,2026-03-14 19:00:00+00,Evriyon,Pau FC,0,3,2026-03-14 23:03:49.749743+00,group,,7,home
747f6fdc-4a3e-4673-9ddf-fdfe22dfad0a,36bda9a8-61d7-4d02-857c-398fc553322c,2026-02-19 23:20:49.787+00,Leeds United FC,Cute Boys FC,4,0,2026-02-18 23:03:29.507351+00,group,,1,
74a2fb98-a33d-49df-9819-8fe2a9eae7c4,,2026-03-07 20:30:00+00,Pau FC,Mythra FC,2,4,2026-03-07 19:23:45.670821+00,group,,6,
74cb3852-0152-41b5-bb03-20ebe2a403dd,006607c7-b380-4438-8570-81d7673d8dd2,2026-03-23 19:00:00+00,Cute Boys FC,Velocita FC,4,10,2026-03-22 23:30:11.564143+00,round of 16,,,
75cce034-1cdb-4faf-8794-6ce66a2accf8,a3bcb040-e540-4dcf-91eb-fea8d035ae93,2026-01-31 18:30:00+00,Regard FC,FC Roma,5,3,2026-03-04 14:54:22.966509+00,group,,1,
768f312b-661f-4ecb-b306-e6a291df7b40,006607c7-b380-4438-8570-81d7673d8dd2,2026-03-10 19:15:00+00,Wembley Guardians,Celtic FC,6,6,2026-03-12 18:54:02.170068+00,group,Group D,3,
76c0a768-1ea6-44cf-b848-32a695e66fef,36bda9a8-61d7-4d02-857c-398fc553322c,2026-03-27 21:23:11.146+00,Evriyon,Cute Boys FC,0,3,2026-03-27 21:23:12.914792+00,,,,home
778eb8b5-3f17-481a-be56-9b7757b91416,95e295b3-d936-4c75-935f-14a615ecbf42,2026-03-15 18:00:00+00,FC Roma,Velocita FC,1,1,2026-03-14 23:06:59.924929+00,group,,7,
7827f432-d418-4542-a7a4-503a9b45106e,006607c7-b380-4438-8570-81d7673d8dd2,2026-03-22 19:00:00+00,Artemis FC,Akatsuki,1,1,2026-03-22 23:30:10.714827+00,round of 16,,,
788e60ad-e91f-490c-a2bf-01a905d833d2,36bda9a8-61d7-4d02-857c-398fc553322c,2026-02-19 22:28:23.921+00,Enigma,Evriyon,3,0,2026-02-18 23:03:29.288618+00,group,,1,away
78919938-3c32-42aa-8095-a4d622499d7b,c580ed16-6585-4948-9732-c73f93b18b27,2026-03-04 18:00:00+00,Enigma,Borazanspor,4,3,2026-03-01 22:24:42.199996+00,group,Group C,2,
7934e03f-23a5-4b89-ac6b-1e6f19a853bc,95e295b3-d936-4c75-935f-14a615ecbf42,2026-03-29 17:30:00+00,Borazanspor,Szot United,6,2,2026-03-25 22:20:52.957933+00,group,,9,
79529f02-c9ca-490f-a18c-d5c78831d3d9,0f8d720d-3273-496e-8ede-7c2bd4817a91,2026-02-06 18:30:00+00,Las Noches,Evriyon,3,4,2026-03-04 14:50:26.65781+00,group,,3,
7a24d6f9-e5d6-43dd-b210-0caca1e21ff4,006607c7-b380-4438-8570-81d7673d8dd2,2026-03-23 18:00:00+00,Sabertooth,Las Noches,3,0,2026-03-22 23:28:43.217928+00,round of 16,,16,away
7a6022a2-c30c-400a-b758-ef2965c1ef79,95e295b3-d936-4c75-935f-14a615ecbf42,2026-02-22 17:27:46.256+00,Stungard,FP Sicilia 2019,2,4,2026-02-18 22:17:07.27002+00,group,,3,
7bdb7af8-f156-42f0-97bc-58f55bb155fe,95e295b3-d936-4c75-935f-14a615ecbf42,2026-04-05 17:30:00+00,FP Sicilia 2019,Jovel Union,,,2026-04-04 17:37:17.027271+00,group,,10,
7cfa670a-5e76-4334-82c0-ebebff69e89d,c580ed16-6585-4948-9732-c73f93b18b27,2026-03-04 20:00:00+00,Pau FC,Evriyon,3,0,2026-03-01 22:25:36.112272+00,group,Group A,2,away
7d69d580-a9bd-42d5-81d3-3ec0803697c3,95e295b3-d936-4c75-935f-14a615ecbf42,2026-03-08 18:30:00+00,FC Roma,Szot United,4,3,2026-03-04 23:18:33.500142+00,group,,6,
7e47f62c-b397-4c49-a84d-821585d74340,a3bcb040-e540-4dcf-91eb-fea8d035ae93,2026-02-01 19:30:00+00,Pepar FC,Galatasaray SK,8,7,2026-03-04 15:10:51.570994+00,,,1,
7e9344b0-03f0-41af-991b-5ffdfdc6cec4,a62a4f39-567a-4ad4-97f8-c75e7d67482e,2026-02-21 22:37:00+00,Northguards,Regard FC,0,0,2026-02-19 22:18:59.057103+00,group,,1,both
806be616-d8e8-4144-a14b-ccc6464f3ddc,a62a4f39-567a-4ad4-97f8-c75e7d67482e,2026-03-06 20:00:00+00,VigiLant,Akatsuki,4,3,2026-03-04 23:18:07.779699+00,group,,6,
810ebdd7-435a-492a-8219-830604c69bb1,95e295b3-d936-4c75-935f-14a615ecbf42,2026-03-01 23:19:00+00,Celtic FC,Stungard,0,4,2026-02-26 19:18:04.410504+00,group,,5,
82716bd7-9ebb-4991-ac15-f92d3482f92a,95e295b3-d936-4c75-935f-14a615ecbf42,2026-02-22 00:24:55.508+00,Stungard,Jovel Union,0,10,2026-02-19 22:13:54.224587+00,group,,2,
834fc23f-3022-4608-ab59-946f47c753e0,a62a4f39-567a-4ad4-97f8-c75e7d67482e,2026-03-06 17:30:00+00,TarhanSpor,SSKK Kołobrzeg,7,7,2026-03-04 23:18:07.169271+00,group,,6,
84ef5a32-452f-493f-9393-267d740384e6,95e295b3-d936-4c75-935f-14a615ecbf42,2026-02-22 00:33:10.973+00,Szot United,Wembley Guardians,4,5,2026-02-19 22:13:54.363079+00,group,,2,
86b4eb7f-5296-49fc-9d91-8acab8f5b087,a62a4f39-567a-4ad4-97f8-c75e7d67482e,2026-03-28 20:00:53.851+00,Las Noches,Northguards,0,0,2026-03-28 20:00:54.112503+00,,,,both
8796b9f7-9ff0-4a21-a396-a1899b0163c5,a62a4f39-567a-4ad4-97f8-c75e7d67482e,2026-03-23 00:33:31.716+00,Regard FC,Sabertooth,0,3,2026-03-23 00:33:33.128257+00,,,,home
8a135252-2ca2-4e7e-a9b1-ff4c2a66a7b2,36bda9a8-61d7-4d02-857c-398fc553322c,2026-03-14 17:30:00+00,Cute Boys FC,Enigma,2,4,2026-03-14 23:03:48.611263+00,group,,7,
8a635894-4640-48fc-83ca-cde13d0bfa4f,36bda9a8-61d7-4d02-857c-398fc553322c,2026-02-28 23:24:17.636+00,Pau FC,Leeds United FC,3,3,2026-02-26 19:17:46.68474+00,group,,5,
8c060cae-5e8a-46e0-9a3d-adda93c84398,c580ed16-6585-4948-9732-c73f93b18b27,2026-02-25 18:00:00+00,Leeds United FC,Sakaryaspor,0,3,2026-02-24 22:25:53.793851+00,group,Group B,1,home
8d932974-36e5-499d-b3fc-f203fe871e68,006607c7-b380-4438-8570-81d7673d8dd2,2026-02-24 22:46:28.393+00,Jovel Union,Velocita FC,4,2,2026-02-24 22:35:21.579317+00,group,Group A,1,
8df2bd82-6e76-4aa7-8658-7c5cdc850f51,a62a4f39-567a-4ad4-97f8-c75e7d67482e,2026-03-28 18:30:00+00,Las Noches,Rangers FC,0,3,2026-03-25 22:18:48.838908+00,group,,9,home
8e1b1e1d-678e-453f-8fbe-0541e9c838b6,95e295b3-d936-4c75-935f-14a615ecbf42,2026-03-01 23:24:00+00,Wembley Guardians,Jovel Union,3,9,2026-02-26 19:18:04.8057+00,group,,5,
8e79ed2a-1675-433b-b056-2e22b49a1ea7,a3bcb040-e540-4dcf-91eb-fea8d035ae93,2026-02-06 18:00:00+00,Bird of Hermes,Galatasaray SK,3,5,2026-03-04 14:55:11.457943+00,group,,3,
8e89dfde-1951-4f87-b3ac-fe97515b64b0,a62a4f39-567a-4ad4-97f8-c75e7d67482e,2026-02-22 00:53:55.159+00,TarhanSpor,Akatsuki,4,3,2026-02-19 22:19:32.800582+00,group,,2,
903eb009-729b-4dc9-8628-0ddc11e4690a,36bda9a8-61d7-4d02-857c-398fc553322c,2026-02-22 17:36:16.112+00,Beşiktaş JK,Cute Boys FC,4,1,2026-02-19 22:39:51.230891+00,group,,4,
9291d6f9-db96-4792-8345-7ba921629944,36bda9a8-61d7-4d02-857c-398fc553322c,2026-02-28 18:30:00+00,Evriyon,Mythra FC,0,3,2026-02-26 19:17:46.803486+00,group,,5,home
936b3af2-659f-47c1-9849-014567e2c9db,36bda9a8-61d7-4d02-857c-398fc553322c,2026-02-21 22:54:24.596+00,Beşiktaş JK,Pau FC,3,3,2026-02-18 23:05:16.13455+00,group,,2,
93877da7-9174-4b7a-8ea6-f302be1721e6,a62a4f39-567a-4ad4-97f8-c75e7d67482e,2026-03-28 17:30:00+00,VigiLant,Sunderland AFC,0,3,2026-03-25 22:18:48.226374+00,group,,9,home
942be935-cda0-4448-b296-746d7f4ebaa1,a62a4f39-567a-4ad4-97f8-c75e7d67482e,2026-02-21 22:05:23.567+00,SSKK Kołobrzeg,Las Noches,3,0,2026-02-19 22:18:59.672423+00,group,,1,away
95b8e8b9-474e-42a6-9c24-d95be24cc798,0f8d720d-3273-496e-8ede-7c2bd4817a91,2026-01-30 19:00:00+00,Las Noches,Lisbon FC,6,2,2026-03-04 14:47:14.343056+00,group,,1,
96432e56-bb1c-4229-a190-df394f2158a4,a62a4f39-567a-4ad4-97f8-c75e7d67482e,2026-03-23 00:33:31.716+00,Regard FC,Rangers FC,0,3,2026-03-23 00:33:32.852027+00,,,,home
9645d22c-20ed-45d0-9137-e64d713f5e56,006607c7-b380-4438-8570-81d7673d8dd2,2026-03-10 17:00:00+00,Jovel Union,TarhanSpor,7,1,2026-03-12 18:54:01.834201+00,group,Group A,3,
96679945-9962-41a9-8996-d0d7d8aa8576,a62a4f39-567a-4ad4-97f8-c75e7d67482e,2026-03-13 17:30:00+00,Las Noches,Sunderland AFC,0,3,2026-03-12 18:56:44.690147+00,group,,7,home
966ff932-1fdb-4b4e-aca5-982266095531,0f8d720d-3273-496e-8ede-7c2bd4817a91,2026-02-05 19:15:00+00,VigiLant,Zakrusa,5,6,2026-03-04 14:49:52.299524+00,group,,3,
969d4b1a-72d6-4a38-afd7-95b79012111b,006607c7-b380-4438-8570-81d7673d8dd2,2026-04-02 19:00:00+00,Sabertooth,Luton Town FC,3,6,2026-03-31 23:51:32.546876+00,quarter-finals,,,
969da3d6-91f9-4945-9883-e5d6fef79f7e,36bda9a8-61d7-4d02-857c-398fc553322c,2026-03-27 18:00:00+00,Leeds United FC,Valhalla FC,13,1,2026-03-25 22:18:14.40426+00,group,,9,
97a2a26f-dae8-4904-8f8c-2ac1f0d072bb,a62a4f39-567a-4ad4-97f8-c75e7d67482e,2026-04-10 19:30:00+00,SSKK Kołobrzeg,Rangers FC,,,2026-04-04 17:36:43.016423+00,group,,10,
97cfc6ad-4345-41da-bc08-ba61ff173f22,a3bcb040-e540-4dcf-91eb-fea8d035ae93,2026-01-31 18:00:00+00,Bird of Hermes,Hamburger FC,7,1,2026-03-04 14:54:22.846948+00,group,,1,
9979e116-2b60-43f3-8ca3-a84c9011333c,a62a4f39-567a-4ad4-97f8-c75e7d67482e,2026-03-25 18:30:00+00,Northguards,Sabertooth,0,3,2026-03-23 00:13:58.791777+00,group,,8,home
9984f6db-d1dd-4773-af5d-a074b533afa9,36bda9a8-61d7-4d02-857c-398fc553322c,2026-03-24 19:30:00+00,Zakrusa,Artemis FC,5,2,2026-03-23 00:13:47.360475+00,group,,8,
9c077a4f-86a7-4f6f-81be-29dfccd25945,95e295b3-d936-4c75-935f-14a615ecbf42,2026-03-15 17:00:00+00,Celtic FC,FP Sicilia 2019,3,3,2026-03-14 23:06:59.161985+00,group,,7,
9c91ff5c-842f-458a-9c53-2ed84a1df332,95e295b3-d936-4c75-935f-14a615ecbf42,2026-02-21 19:49:05.509+00,FP Sicilia 2019,Borazanspor,2,3,2026-02-19 22:16:37.171632+00,group,,1,
9d555060-c941-4a81-9cc0-a96421e53960,a62a4f39-567a-4ad4-97f8-c75e7d67482e,2026-02-22 18:56:00+00,Rangers FC,Sabertooth,6,8,2026-02-19 22:20:01.965168+00,group,,3,
9ebae063-6e29-4090-9089-3b4d6a762562,a62a4f39-567a-4ad4-97f8-c75e7d67482e,2026-02-28 20:20:00+00,Akatsuki,Rangers FC,1,0,2026-02-24 23:49:43.587118+00,group,,5,
9fb5210f-ba3c-4ce8-939f-630ee74c8530,95e295b3-d936-4c75-935f-14a615ecbf42,2026-02-22 16:56:14.928+00,Celtic FC,Jovel Union,2,4,2026-02-18 22:17:06.885321+00,group,,3,
9fb9b423-de24-4f57-86d7-96331a1a3005,36bda9a8-61d7-4d02-857c-398fc553322c,2026-03-27 21:23:11.146+00,Evriyon,Zakrusa,0,3,2026-03-27 21:23:12.963866+00,,,,home
a042e60b-4e76-4e2d-b675-e623342015e9,c580ed16-6585-4948-9732-c73f93b18b27,2026-04-01 20:30:00+00,Aetherborn FC,Enigma,3,3,2026-03-31 23:48:49.193101+00,quarter-finals,,,
a389375c-c845-47e4-9b22-9d0e6c825717,a62a4f39-567a-4ad4-97f8-c75e7d67482e,2026-03-28 18:00:00+00,HD FC,SSKK Kołobrzeg,0,2,2026-03-25 22:18:48.562003+00,group,,9,
a528cd85-95b8-44a2-99a1-3136b8b79028,95e295b3-d936-4c75-935f-14a615ecbf42,2026-03-08 19:00:00+00,Sakaryaspor,Celtic FC,5,4,2026-03-04 23:18:33.627859+00,group,,6,
a5849e63-4413-4a82-b160-4c45114708d1,95e295b3-d936-4c75-935f-14a615ecbf42,2026-04-05 18:00:00+00,Szot United,Galatasaray SK,3,0,2026-04-04 17:37:17.286586+00,group,,10,away
a5e1b761-6950-4a8a-b0e0-f3186c782e3f,95e295b3-d936-4c75-935f-14a615ecbf42,2026-02-22 17:22:45.406+00,FC Roma,Wembley Guardians,4,4,2026-02-18 22:17:07.166431+00,group,,3,
a672dc6e-1652-4f77-927d-124db6255afb,006607c7-b380-4438-8570-81d7673d8dd2,2026-04-07 18:45:00+00,Jovel Union,Velocita FC,,,2026-04-06 15:15:56.07766+00,semi-finals,,,
a75f039c-272a-42a0-9b78-35802bdb7d4e,a62a4f39-567a-4ad4-97f8-c75e7d67482e,2026-02-23 18:00:00+00,VigiLant,Northguards,3,0,2026-02-22 16:06:52.115054+00,group,,4,away
a884bc8c-846b-408b-8aad-935d57e5d4b2,c580ed16-6585-4948-9732-c73f93b18b27,2026-04-01 19:00:00+00,Artemis FC,Leeds United FC,1,3,2026-03-31 23:50:46.512656+00,quarter-finals,,,
a8d58d95-9a6f-4bdc-946d-bf0e886b91f3,36bda9a8-61d7-4d02-857c-398fc553322c,2026-02-22 17:33:10.101+00,Zakrusa,Pau FC,6,3,2026-02-19 22:39:51.109729+00,group,,4,
aa3ed2a6-4523-4d5a-8391-49ea142ecec7,a62a4f39-567a-4ad4-97f8-c75e7d67482e,2026-02-22 00:48:18.848+00,Sabertooth,Luton Town FC,5,5,2026-02-19 22:19:32.676339+00,group,,2,
aa5da3dc-1b24-41f5-ad94-4f8c074097df,36bda9a8-61d7-4d02-857c-398fc553322c,2026-02-22 00:29:43.873+00,Aetherborn FC,Enigma,3,6,2026-02-18 23:05:16.243222+00,group,,2,
aa6b105f-dcfd-4566-b425-f8fb731d261d,95e295b3-d936-4c75-935f-14a615ecbf42,2026-03-29 19:00:00+00,Velocita FC,FP Sicilia 2019,5,3,2026-03-25 22:20:53.977071+00,group,,9,
abd745c1-125d-4d71-a194-f269c85641ad,a62a4f39-567a-4ad4-97f8-c75e7d67482e,2026-02-21 22:46:00.644+00,HD FC,Sabertooth,1,8,2026-02-19 22:18:59.17316+00,group,,1,
ad39e316-0dc4-4757-9792-2ce04b49ae70,36bda9a8-61d7-4d02-857c-398fc553322c,2026-02-21 18:00:00+00,Valientes GANG,Leeds United FC,0,3,2026-02-19 22:39:50.959503+00,group,,,home
ae66d83b-7ca5-47e3-b4bb-0810b6c1045d,c580ed16-6585-4948-9732-c73f93b18b27,2026-03-13 19:00:00+00,Evriyon,Valientes GANG,0,0,2026-03-12 18:52:27.780936+00,group,Group A,3,both
af169fe2-4f76-471b-9980-f591536e47ba,95e295b3-d936-4c75-935f-14a615ecbf42,2026-02-22 21:29:00+00,Velocita FC,Celtic FC,5,4,2026-02-22 20:45:57.702257+00,,,4,
af3074bb-7602-4288-85ad-ba48313688ed,c580ed16-6585-4948-9732-c73f93b18b27,2026-03-04 17:00:00+00,Leeds United FC,Valhalla FC,4,1,2026-03-01 22:24:42.073162+00,group,Group B,2,
af3cd055-d736-4041-b136-16c062ab0711,a62a4f39-567a-4ad4-97f8-c75e7d67482e,2026-02-24 00:40:00+00,Akatsuki,SSKK Kołobrzeg,6,1,2026-02-24 00:40:50.014785+00,,,4,
b0efd13f-457c-4589-9746-b10f6c8b2e78,a3bcb040-e540-4dcf-91eb-fea8d035ae93,2026-02-03 19:00:00+00,Hamburger FC,FC Roma,0,3,2026-03-04 14:54:45.854614+00,group,,2,home
b12e63c5-f068-4271-b8c4-e4981fd4f32b,36bda9a8-61d7-4d02-857c-398fc553322c,2026-04-06 15:13:00+00,Mythra FC,Pau FC,4,4,2026-04-06 15:13:25.908519+00,,,6,
b29c9cea-c1f4-4e4a-a032-0604b583c54e,36bda9a8-61d7-4d02-857c-398fc553322c,2026-03-27 18:30:00+00,Beşiktaş JK,Mythra FC,6,1,2026-03-25 22:18:14.68405+00,group,,9,
b3166ebe-509a-4227-bd3b-7f67154daef8,95e295b3-d936-4c75-935f-14a615ecbf42,2026-02-19 23:32:00+00,Szot United,Celtic FC,4,7,2026-02-19 22:17:42.01673+00,group,,1,
b4ab71bf-5788-42b1-8cc9-9afe6046be72,0f8d720d-3273-496e-8ede-7c2bd4817a91,2026-01-31 18:00:00+00,Aetherborn FC,Sakaryaspor,6,3,2026-03-04 14:45:11.582449+00,group,,1,
b5c1b29b-c36f-44a5-aba3-7507219265d6,a62a4f39-567a-4ad4-97f8-c75e7d67482e,2026-03-06 19:30:00+00,Rangers FC,Northguards,3,0,2026-03-25 19:52:09.247357+00,,,6,away
b6366019-f2b9-4eb1-bed8-ab1f97e9fc2a,c580ed16-6585-4948-9732-c73f93b18b27,2026-03-30 19:00:00+00,Leeds United FC,Artemis FC,4,1,2026-03-27 23:27:56.269479+00,quarter-finals,,,
b7d72540-b4f9-42ee-9826-07485743e221,0f8d720d-3273-496e-8ede-7c2bd4817a91,2026-02-02 19:00:00+00,Sakaryaspor,Wembley Guardians,5,3,2026-03-04 14:48:46.060385+00,group,,2,
bb2a6cce-9adb-4966-9019-c60c30223c5d,c580ed16-6585-4948-9732-c73f93b18b27,2026-03-04 17:30:00+00,Cute Boys FC,Mythra FC,1,3,2026-03-01 23:41:12.86718+00,group,Group C,2,
bb98c4ca-347f-4717-897d-28e84dfe4f05,95e295b3-d936-4c75-935f-14a615ecbf42,2026-04-05 18:30:00+00,Sakaryaspor,Velocita FC,1,3,2026-04-04 17:37:17.539281+00,group,,10,
bd9af069-39e6-4fdb-b819-a106d38ffd80,a62a4f39-567a-4ad4-97f8-c75e7d67482e,2026-03-23 00:33:31.716+00,Regard FC,Luton Town FC,0,3,2026-03-23 00:33:33.024539+00,,,,home
bdf70071-a6b5-455a-ac29-a7270e4d99c1,a62a4f39-567a-4ad4-97f8-c75e7d67482e,2026-02-22 00:42:46.138+00,Las Noches,HD FC,0,3,2026-02-19 22:19:32.571524+00,group,,2,home
bf353465-22d1-477a-9bfd-f92be23f1a74,a62a4f39-567a-4ad4-97f8-c75e7d67482e,2026-03-28 19:00:00+00,Sabertooth,Akatsuki,1,4,2026-03-25 22:18:49.113271+00,group,,9,
c1a131da-7ae0-418e-b2bc-5e18f10ef846,a62a4f39-567a-4ad4-97f8-c75e7d67482e,2026-02-21 19:54:00+00,Akatsuki,Sunderland AFC,3,3,2026-02-19 22:18:59.281766+00,group,,1,
c416b6b1-e861-4e17-9fa4-6e3ce6f30583,006607c7-b380-4438-8570-81d7673d8dd2,2026-03-31 18:00:00+00,Jovel Union,Akatsuki,4,4,2026-03-27 23:27:02.189577+00,Quarter-Finals,,,
c480633a-3738-480a-a860-e84ce875bd59,006607c7-b380-4438-8570-81d7673d8dd2,2026-04-09 19:15:00+00,Stungard,Luton Town FC,,,2026-04-06 15:16:21.269071+00,semi,,,
c50de641-3fd9-4665-8082-ff2dbd1a575d,95e295b3-d936-4c75-935f-14a615ecbf42,2026-03-26 18:00:00+00,Velocita FC,Stungard,0,2,2026-03-23 00:14:12.562758+00,group,,8,
c7ea04ac-0ba5-4f56-9238-81108668c79c,a62a4f39-567a-4ad4-97f8-c75e7d67482e,2026-02-23 00:13:33.916+00,Northguards,HD FC,0,3,2026-02-19 22:20:01.714966+00,group,,3,home
c840cd78-8398-4712-9777-0c30536cc446,006607c7-b380-4438-8570-81d7673d8dd2,2026-04-02 19:30:00+00,Velocita FC,Wembley Guardians,,,2026-03-31 23:51:32.806027+00,quarter-finals,,,
c9ba28b1-f445-428d-b041-6e7b61018b4a,0f8d720d-3273-496e-8ede-7c2bd4817a91,2026-02-01 18:30:00+00,VigiLant,Valhalla FC,1,2,2026-03-04 14:48:23.986229+00,group,,2,
c9f1f65c-447f-4feb-884a-a94175056eff,95e295b3-d936-4c75-935f-14a615ecbf42,2026-03-08 19:30:00+00,Jovel Union,Velocita FC,7,2,2026-03-04 23:18:33.743748+00,group,,6,
cb57fcc2-0441-4887-be16-c9eba3e254c4,006607c7-b380-4438-8570-81d7673d8dd2,2026-02-24 22:56:00+00,Rangers FC,SSKK Kołobrzeg,2,4,2026-02-24 22:34:49.319783+00,group,Group B,1,
cb7d58ec-4a09-44e7-8bfe-744c6987b3e1,95e295b3-d936-4c75-935f-14a615ecbf42,2026-03-26 19:00:00+00,Sakaryaspor,Galatasaray SK,3,0,2026-03-23 00:14:13.484345+00,group,,8,away
cc07dde0-6fe6-46b6-8bb9-c36033d47a67,0f8d720d-3273-496e-8ede-7c2bd4817a91,2026-02-06 19:15:00+00,Sakaryaspor,Artemis FC,4,7,2026-03-04 14:50:26.781512+00,group,,3,
cc325334-bfbc-465b-b01d-a7dce35f4916,95e295b3-d936-4c75-935f-14a615ecbf42,2026-02-12 20:30:00+00,Velocita FC,Wembley Guardians,8,7,2026-02-19 22:16:37.287939+00,group,,1,
cc86e074-4251-4460-a455-7b5ed0440383,a62a4f39-567a-4ad4-97f8-c75e7d67482e,2026-03-13 18:30:00+00,Luton Town FC,Rangers FC,8,4,2026-03-12 18:56:45.24186+00,group,,7,
cd7299ee-d960-40f5-bb99-a6f5a14c5ee2,36bda9a8-61d7-4d02-857c-398fc553322c,2026-03-07 17:30:00+00,Aetherborn FC,Zakrusa,3,0,2026-03-07 19:23:45.306888+00,group,,6,away
cdd6300a-1035-47b2-bd1e-ff704276065a,95e295b3-d936-4c75-935f-14a615ecbf42,2026-03-01 23:22:00+00,Velocita FC,Borazanspor,4,2,2026-03-01 23:22:37.400968+00,,,5,
cde974d3-b2c7-4c03-a0b4-53252ab84420,a62a4f39-567a-4ad4-97f8-c75e7d67482e,2026-03-23 00:33:31.716+00,Regard FC,TarhanSpor,0,3,2026-03-23 00:33:32.970251+00,,,,home
ce7a0527-bedf-4b38-8681-61e3765163b8,a62a4f39-567a-4ad4-97f8-c75e7d67482e,2026-03-06 18:00:00+00,Las Noches,Sabertooth,0,3,2026-03-04 23:18:07.302653+00,group,,6,home
cecb02f1-093d-4dc4-b93b-c7bcd6094eed,a62a4f39-567a-4ad4-97f8-c75e7d67482e,2026-04-04 19:30:00+00,HD FC,TarhanSpor,1,3,2026-04-04 17:36:58.469841+00,group,,10,
d0328a7e-f7ea-48b9-b73d-be69a020ddd5,a62a4f39-567a-4ad4-97f8-c75e7d67482e,2026-02-27 18:51:08.403+00,Luton Town FC,Las Noches,3,0,2026-02-24 23:49:43.13107+00,group,,5,away
d0a713a5-2b3d-471c-bcc9-77d95e8b2297,a3bcb040-e540-4dcf-91eb-fea8d035ae93,2026-02-04 19:30:00+00,Sunderland AFC,Pepar FC,3,2,2026-03-04 14:54:45.743182+00,group,,2,
d16c0209-baf7-464a-a989-e79176aadfcd,a62a4f39-567a-4ad4-97f8-c75e7d67482e,2026-03-23 00:33:31.716+00,Regard FC,Akatsuki,0,3,2026-03-23 00:33:32.912647+00,,,,home
d387fac1-003e-489c-b6d7-1b96866820f7,36bda9a8-61d7-4d02-857c-398fc553322c,2026-02-18 17:00:00+00,Zakrusa,Leeds United FC,0,3,2026-02-18 23:06:30.918599+00,group,,,
d3999711-97f8-4202-8b85-bcf24b1cc30f,a62a4f39-567a-4ad4-97f8-c75e7d67482e,2026-03-28 20:00:53.851+00,Las Noches,VigiLant,0,3,2026-03-28 20:00:54.242698+00,,,,home
d3ce4933-1f9d-469d-8eb7-74a82c07c65a,36bda9a8-61d7-4d02-857c-398fc553322c,2026-02-22 15:55:00.591+00,Beşiktaş JK,Evriyon,3,0,2026-02-18 23:06:31.23177+00,group,,3,away
d4121c45-2bb5-4a6c-b466-9c1b46c9926b,006607c7-b380-4438-8570-81d7673d8dd2,2026-03-03 19:30:00+00,Luton Town FC,SSKK Kołobrzeg,2,2,2026-03-01 22:24:22.85495+00,group,Group B,2,
d481be93-d74a-43ce-bbe7-95d0aa9a39a4,0f8d720d-3273-496e-8ede-7c2bd4817a91,2026-02-01 19:30:00+00,Jovel Union,Mythra FC,4,5,2026-03-04 14:48:24.206427+00,group,,2,
d4e7a754-66c8-49f3-bd35-5f7cf6e242f7,c580ed16-6585-4948-9732-c73f93b18b27,2026-02-27 21:09:13.516+00,Valhalla FC,Artemis FC,5,5,2026-02-24 22:25:53.686121+00,group,Group B,1,
d533abed-9a2c-4dac-a340-75e4c2896ddc,c580ed16-6585-4948-9732-c73f93b18b27,2026-02-26 19:23:21.017+00,VigiLant,Evriyon,3,0,2026-02-24 22:27:39.418314+00,group,Group A,1,away
d58d64c1-65af-4eb4-a779-100d8a8c736e,006607c7-b380-4438-8570-81d7673d8dd2,2026-03-21 18:30:00+00,SSKK Kołobrzeg,Evriyon,3,0,2026-03-22 23:29:43.624844+00,round of 16,,,away
d5d5138d-de03-4972-b4f1-9de954d36bf3,0f8d720d-3273-496e-8ede-7c2bd4817a91,2026-02-03 19:00:00+00,Aetherborn FC,Evriyon,9,0,2026-03-04 14:49:31.192149+00,group,,2,
d5f9a2e1-f6bc-4a1d-a969-517f6c44cb34,36bda9a8-61d7-4d02-857c-398fc553322c,2026-03-27 17:30:00+00,Aetherborn FC,Evriyon,3,0,2026-03-25 22:18:14.101829+00,group,,9,away
d8baedc9-6fe1-4b07-bc28-13e84fd327e8,a62a4f39-567a-4ad4-97f8-c75e7d67482e,2026-02-21 22:06:00+00,VigiLant,Luton Town FC,1,6,2026-02-19 22:18:59.541011+00,group,,1,
d902cc3e-9621-4ac3-8ab6-324cafa40d0e,a62a4f39-567a-4ad4-97f8-c75e7d67482e,2026-02-22 17:01:00+00,Sunderland AFC,Regard FC,3,0,2026-02-19 22:20:01.462694+00,group,,3,away
da6c35e2-db8d-47e5-b4de-c111b81cb2ba,36bda9a8-61d7-4d02-857c-398fc553322c,2026-02-28 23:22:00+00,Cute Boys FC,Zakrusa,1,4,2026-02-26 19:17:47.035677+00,group,,5,
dab2044c-3318-4435-be59-abaca40b98ce,006607c7-b380-4438-8570-81d7673d8dd2,2026-02-25 21:36:00+00,Wembley Guardians,Akatsuki,4,3,2026-02-25 21:36:43.227974+00,,Group D,1,
daf108b5-b567-46bf-acba-6b02e43ef075,a62a4f39-567a-4ad4-97f8-c75e7d67482e,2026-03-28 20:46:07.615+00,Northguards,Akatsuki,0,3,2026-03-28 20:46:07.687442+00,,,,home
dc43a3a3-3675-486c-b513-6c25561df2b3,36bda9a8-61d7-4d02-857c-398fc553322c,2026-03-14 20:00:00+00,Beşiktaş JK,Aetherborn FC,1,1,2026-03-14 23:03:49.332777+00,group,,7,
dca8f9e6-e86f-4e6f-9608-e7042d6e604e,95e295b3-d936-4c75-935f-14a615ecbf42,2026-03-08 18:00:00+00,Borazanspor,Del'Sole,3,0,2026-03-04 23:18:33.378436+00,group,,6,away
dd451b1a-195b-4e85-9b69-f90977df3315,c580ed16-6585-4948-9732-c73f93b18b27,2026-03-04 19:30:00+00,Artemis FC,Sakaryaspor,5,2,2026-03-01 22:24:42.569347+00,group,Group B,2,
dd61a6cd-11ed-4607-a6e8-204b5dc91a0b,95e295b3-d936-4c75-935f-14a615ecbf42,2026-04-05 19:00:00+00,Celtic FC,FC Roma,2,3,2026-04-04 17:37:17.784699+00,group,,10,
dea6d8df-d32d-4113-ada0-e2794fb92d82,95e295b3-d936-4c75-935f-14a615ecbf42,2026-03-01 18:00:00+00,Galatasaray SK,FP Sicilia 2019,0,3,2026-02-26 19:18:04.658312+00,group,,5,home
e219c960-af1f-4a58-a12c-d0daee60b113,c580ed16-6585-4948-9732-c73f93b18b27,2026-02-25 21:17:12.906+00,Zakrusa,Las Noches,3,0,2026-02-24 22:25:53.560129+00,group,Group D,1,away
e238afb1-f176-4c3c-9799-04419fd68442,36bda9a8-61d7-4d02-857c-398fc553322c,2026-03-27 19:00:00+00,Enigma,Artemis FC,9,2,2026-03-25 22:18:14.960441+00,group,,9,
e291b4b8-83c8-4eef-b949-779661d8cddb,36bda9a8-61d7-4d02-857c-398fc553322c,2026-04-03 19:00:00+00,Beşiktaş JK,Artemis FC,6,7,2026-04-03 18:53:54.286019+00,group,,10,
e2968204-66aa-4398-ab70-2d0a9e38e96f,95e295b3-d936-4c75-935f-14a615ecbf42,2026-03-29 17:00:00+00,Galatasaray SK,Celtic FC,0,3,2026-03-25 22:20:52.642384+00,group,,9,home
e3d451db-b1c0-4460-83c4-249e1b68ca3d,0f8d720d-3273-496e-8ede-7c2bd4817a91,2026-01-29 19:30:00+00,Valhalla FC,Mythra FC,4,0,2026-03-04 14:45:11.458238+00,group,,1,
e3e86166-59b3-4613-b3b3-fc4214bb4e71,36bda9a8-61d7-4d02-857c-398fc553322c,2026-02-12 19:00:00+00,Mythra FC,Valhalla FC,1,1,2026-02-18 23:03:28.851144+00,group,,,
e42089f9-8c6d-4a12-93bc-419e27508e93,006607c7-b380-4438-8570-81d7673d8dd2,2026-02-24 22:42:48.821+00,Northguards,TarhanSpor,0,3,2026-02-24 22:34:49.43039+00,group,Group A,1,home
e44ee7a8-c08c-4119-8819-ab69cc9f04d5,36bda9a8-61d7-4d02-857c-398fc553322c,2026-03-24 19:00:00+00,Enigma,Pau FC,7,3,2026-03-23 00:13:47.096571+00,group,,8,
e6f40c02-6804-4e66-a9c8-50d2276ac58d,0f8d720d-3273-496e-8ede-7c2bd4817a91,2026-02-05 18:30:00+00,Borazanspor,Mythra FC,2,6,2026-03-04 14:49:52.201546+00,group,,3,
e8107f28-482d-4b84-b7f8-7f641854eea2,0f8d720d-3273-496e-8ede-7c2bd4817a91,2026-01-30 18:00:00+00,Cute Boys FC,Sabertooth,6,2,2026-03-04 14:45:11.0874+00,group,,1,
e85ac23f-f54f-4bdb-afe1-3bc389181dce,36bda9a8-61d7-4d02-857c-398fc553322c,2026-03-07 20:00:00+00,Beşiktaş JK,Leeds United FC,1,4,2026-03-07 19:23:45.548569+00,group,,6,
e8e1ad7a-9b6c-447f-8ae2-3e9bca2471d8,36bda9a8-61d7-4d02-857c-398fc553322c,2026-02-22 15:50:44.516+00,Valhalla FC,Enigma,4,8,2026-02-18 23:06:31.079844+00,group,,3,
ea42849b-ebe9-44d2-abab-50b5b37066e9,36bda9a8-61d7-4d02-857c-398fc553322c,2026-02-22 15:47:45.583+00,Cute Boys FC,Aetherborn FC,3,2,2026-02-18 23:06:31.350471+00,group,,3,
eb14e262-f74f-429e-a9d7-ffbb4d8a3841,006607c7-b380-4438-8570-81d7673d8dd2,2026-03-10 19:00:00+00,SSKK Kołobrzeg,Del'Sole,3,0,2026-03-12 18:55:22.93793+00,group,Group B,3,away
ec8b7000-a6be-4c00-8f26-4f0908e9b644,95e295b3-d936-4c75-935f-14a615ecbf42,2026-03-26 19:30:00+00,Wembley Guardians,Celtic FC,12,5,2026-03-23 00:14:13.753997+00,group,,8,
f036e1d9-d9e3-4c00-b06b-58a8a371a7fa,0f8d720d-3273-496e-8ede-7c2bd4817a91,2026-01-30 19:30:00+00,Valientes GANG,Artemis FC,8,3,2026-03-04 14:46:01.389607+00,group,,1,
f1cc935e-04d6-4afa-bf03-5acd54d2d70f,95e295b3-d936-4c75-935f-14a615ecbf42,2026-03-26 17:30:00+00,Borazanspor,FC Roma,6,1,2026-03-23 00:14:12.298199+00,group,,8,
f2338cc3-4b70-48d0-a369-6a39dc60d769,006607c7-b380-4438-8570-81d7673d8dd2,2026-03-24 20:00:00+00,Las Noches,Sabertooth,0,3,2026-03-22 23:30:11.00636+00,round of 16,,,home
f4186cb0-c5c5-4eab-a111-975f4faec123,36bda9a8-61d7-4d02-857c-398fc553322c,2026-02-21 19:51:00+00,Cute Boys FC,Valientes GANG,3,0,2026-02-18 23:05:15.901234+00,group,,2,away
f419988a-ea42-4f25-bdcb-8719e44b15d7,a62a4f39-567a-4ad4-97f8-c75e7d67482e,2026-03-06 19:00:00+00,Sunderland AFC,HD FC,5,3,2026-03-04 23:18:07.540451+00,group,,6,
f4985a3b-0b4c-4a99-baa3-1c9a8a88ce1d,36bda9a8-61d7-4d02-857c-398fc553322c,2026-03-24 17:30:00+00,Mythra FC,Cute Boys FC,3,0,2026-03-23 00:13:45.708009+00,group,,8,away
f6033b8c-758b-4833-ad14-a8e349d899dd,006607c7-b380-4438-8570-81d7673d8dd2,2026-03-03 20:30:00+00,Del'Sole,Rangers FC,0,3,2026-03-01 22:24:23.091455+00,group,Group B,2,home
f65065fd-bccf-4b69-98b7-20c1b2a72c5d,c580ed16-6585-4948-9732-c73f93b18b27,2026-04-01 18:30:00+00,VigiLant,Beşiktaş JK,1,9,2026-03-31 23:48:18.611436+00,quarter-finals,,,
f7d5c865-66f8-488b-a41f-f8e5af88fff3,95e295b3-d936-4c75-935f-14a615ecbf42,2026-02-23 00:24:42.763+00,Wembley Guardians,Galatasaray SK,3,0,2026-02-19 22:52:19.27709+00,group,,4,away
f7f9aefa-0526-465d-93d1-ce15f2d7554d,95e295b3-d936-4c75-935f-14a615ecbf42,2026-02-14 18:30:00+00,Stungard,FC Roma,6,6,2026-02-19 22:16:36.765669+00,group,,1,
f8a7309a-49ac-4d6e-bea4-9ef9a869bfbf,a62a4f39-567a-4ad4-97f8-c75e7d67482e,2026-02-27 19:00:00+00,HD FC,Regard FC,3,0,2026-02-24 23:49:43.490736+00,group,,5,away
f91ad4ad-df75-42a2-a383-0a25f71e8c8a,006607c7-b380-4438-8570-81d7673d8dd2,2026-03-10 19:00:00+00,Velocita FC,Northguards,3,0,2026-03-12 18:54:49.150906+00,group,Group A,3,away
f92c7905-35af-44c9-a2e3-6b898b1bacbd,006607c7-b380-4438-8570-81d7673d8dd2,2026-03-21 18:30:00+00,Akatsuki,Artemis FC,2,3,2026-03-22 23:28:42.910387+00,round of 16,,16,
fa07c712-f717-4f1e-b1ea-d396a37e3d7d,95e295b3-d936-4c75-935f-14a615ecbf42,2026-03-01 19:00:00+00,Sakaryaspor,Szot United,4,3,2026-02-26 19:18:04.931513+00,group,,5,
fbbf41bf-adab-4bc8-8892-88c8766c4d74,36bda9a8-61d7-4d02-857c-398fc553322c,2026-02-28 17:00:00+00,Aetherborn FC,Valientes GANG,3,0,2026-02-26 19:17:46.356815+00,group,,5,away
fbe24f62-3c42-4baa-9fe9-c27e46e66f2d,0f8d720d-3273-496e-8ede-7c2bd4817a91,2026-02-02 19:30:00+00,Lisbon FC,Artemis FC,1,3,2026-03-04 14:48:46.171822+00,group,,2,
fc752d5c-b2de-4dda-9206-3ab50dde0de9,a62a4f39-567a-4ad4-97f8-c75e7d67482e,2026-02-22 17:47:55.498+00,Akatsuki,Luton Town FC,3,6,2026-02-19 22:20:01.593607+00,group,,3,
fe26f12d-24f5-40a1-a78e-ba47d4c60a6f,a62a4f39-567a-4ad4-97f8-c75e7d67482e,2026-03-28 17:00:00+00,Luton Town FC,Northguards,3,0,2026-03-25 22:18:47.906834+00,group,,9,away
ffb4fe99-5e7f-4ff1-a79a-32230c543c77,95e295b3-d936-4c75-935f-14a615ecbf42,2026-03-08 17:00:00+00,Galatasaray SK,Stungard,0,3,2026-03-04 23:18:33.156744+00,group,,6,home