match_id,team_side,possession,passes,key_passes,assists,shots,shots_on_target,goals,tackles,key_tackles,interceptions,key_interceptions,possessions_lost,goal_kicks,corner_kicks,throw_ins,free_kicks,penalties,fouls,offsides,yellow_cards,red_cards,created_at,team_name,is_home,set_piece_timeouts
017cb3c5-2106-41b9-9e96-be7b98856f43,away,49,59,6,1,9,4,4,57,1,28,1,100,1,3,5,1,0,2,0,0,0,2026-03-14 23:29:46.967025+00,Northguards,false,0
017cb3c5-2106-41b9-9e96-be7b98856f43,home,51,81,5,3,4,4,4,52,5,25,3,101,9,0,5,2,0,1,0,0,0,2026-03-14 23:29:46.967025+00,SSKK Kołobrzeg,true,0
01f0ec3f-3dcc-420d-a605-b565e1667afd,away,51,88,0,0,2,1,1,51,6,23,2,99,2,2,4,3,0,0,0,0,0,2026-03-01 23:29:06.287774+00,Valhalla FC,false,0
01f0ec3f-3dcc-420d-a605-b565e1667afd,home,50,76,9,6,10,8,8,51,1,28,4,91,2,7,3,1,0,1,0,0,0,2026-03-01 23:29:06.287774+00,Artemis FC,true,0
031ce908-d779-4e20-909f-8e038e7b3848,away,53,86,20,8,18,11,11,56,7,20,1,99,1,3,9,2,1,0,0,2,0,2026-03-04 16:27:48.106168+00,Borazanspor,false,0
031ce908-d779-4e20-909f-8e038e7b3848,home,51,90,13,7,12,8,8,62,6,12,1,101,2,4,11,2,0,2,0,1,0,2026-03-04 16:27:48.106168+00,Zakrusa,true,0
0370f5b6-04c4-4134-82f2-b406c18923c5,away,50,72,7,3,6,4,4,58,7,19,4,97,2,3,2,2,0,1,0,2,0,2026-03-04 19:02:07.877235+00,Valientes GANG,false,0
0370f5b6-04c4-4134-82f2-b406c18923c5,home,51,97,7,3,6,3,3,53,8,23,4,97,3,2,7,1,0,0,0,0,0,2026-03-04 19:02:07.877235+00,Las Noches,true,0
043bed46-8f5f-4a4f-832f-6a9e889ff98c,away,41,61,6,3,4,4,4,53,3,21,3,96,3,6,6,0,0,1,1,0,0,2026-03-14 23:13:20.095219+00,HD FC,false,0
043bed46-8f5f-4a4f-832f-6a9e889ff98c,home,59,91,6,4,8,5,5,54,3,23,2,95,5,7,5,1,0,2,0,0,0,2026-03-14 23:13:20.095219+00,Szot United,true,0
050d1fa1-098d-41f7-854b-5246777ce16a,away,60,83,4,2,3,2,2,38,4,23,3,83,6,3,6,0,0,1,0,0,0,2026-02-28 20:15:28.828378+00,Enigma,false,0
050d1fa1-098d-41f7-854b-5246777ce16a,home,41,66,9,5,13,7,7,52,8,19,4,81,1,1,3,3,0,1,0,1,0,2026-02-28 20:15:28.828378+00,Beşiktaş JK,true,0
05f1cb42-31d3-434a-8e46-eaaf25bf1a65,away,49,94,3,1,7,3,3,39,2,27,6,81,1,8,8,1,0,0,1,0,0,2026-02-22 17:18:20.915638+00,Pau FC,false,0
05f1cb42-31d3-434a-8e46-eaaf25bf1a65,home,51,90,2,1,4,2,2,48,8,17,5,85,8,3,5,2,0,0,0,0,0,2026-02-22 17:18:20.915638+00,Artemis FC,true,0
05fd0280-c2ae-43bf-aa2b-51ba50be7193,away,52,93,8,3,11,5,5,47,3,17,0,84,2,4,11,4,0,1,0,0,0,2026-03-25 21:31:28.05095+00,Luton Town FC,false,0
05fd0280-c2ae-43bf-aa2b-51ba50be7193,home,48,71,2,1,11,5,1,48,8,15,3,84,8,2,4,1,0,2,0,0,0,2026-03-25 21:31:28.05095+00,SSKK Kołobrzeg,true,0
076b89c7-10da-43b9-ab3e-559089970de0,away,54,60,5,2,3,2,2,54,1,23,1,99,3,7,9,1,0,0,0,0,0,2026-02-21 22:57:47.466357+00,Galatasaray SK,false,0
076b89c7-10da-43b9-ab3e-559089970de0,home,46,82,8,4,10,7,7,66,9,13,3,99,3,1,6,2,0,1,0,1,0,2026-02-21 22:57:47.466357+00,FC Roma,true,0
093dd75f-17be-44c3-9418-a0fcad449552,away,57,87,5,1,8,3,3,40,3,18,1,71,1,7,7,0,0,0,0,0,0,2026-03-04 16:25:47.872133+00,VigiLant,false,0
093dd75f-17be-44c3-9418-a0fcad449552,home,44,92,2,1,3,2,2,36,7,16,5,74,2,2,2,0,0,0,4,0,0,2026-03-04 16:25:47.872133+00,Jovel Union,true,0
0bcfb905-1fd7-4f14-ba6d-78265d715299,away,46,50,14,7,21,16,16,49,2,20,5,69,3,2,3,2,0,0,0,0,0,2026-03-04 18:49:56.08902+00,Galatasaray SK,false,0
0bcfb905-1fd7-4f14-ba6d-78265d715299,home,54,89,1,0,1,0,0,36,3,15,1,82,3,2,2,3,0,1,0,1,0,2026-03-04 18:49:56.08902+00,Heroes FC,true,0
0c20a9ea-7995-443d-89e4-8c293dfa644d,away,50,83,5,4,9,7,7,71,4,28,2,114,4,6,7,3,0,0,0,0,0,2026-02-19 23:42:18.68177+00,Galatasaray SK,false,0
0c20a9ea-7995-443d-89e4-8c293dfa644d,home,50,75,2,0,3,0,0,63,12,16,8,123,6,6,5,2,0,3,0,3,0,2026-02-19 23:42:18.68177+00,Del'Sole,true,0
0c20e50d-54a4-4e6c-8a2a-57fd923cc6f8,away,51,84,3,2,5,3,3,58,9,21,1,100,2,7,4,2,0,1,0,1,0,2026-02-25 21:25:59.511913+00,Szot United,false,0
0c20e50d-54a4-4e6c-8a2a-57fd923cc6f8,home,49,72,10,3,9,4,4,60,6,20,2,99,2,2,10,4,0,0,0,0,0,2026-02-25 21:25:59.511913+00,Stungard,true,0
0c616684-c560-4f3b-9942-0ee20df90ade,away,49,79,9,4,9,5,5,74,3,30,4,128,1,4,7,4,0,2,0,1,0,2026-03-14 23:45:07.73152+00,TarhanSpor,false,0
0c616684-c560-4f3b-9942-0ee20df90ade,home,52,67,11,5,12,8,8,75,7,37,1,124,3,2,4,1,0,2,0,0,0,2026-03-14 23:45:07.73152+00,Sabertooth,true,0
0d1daf27-bb2c-44e6-ada6-61c27f69fe11,away,52,86,1,1,6,3,3,49,3,28,7,96,1,1,6,0,0,0,0,0,0,2026-03-07 22:05:01.620977+00,Artemis FC,false,0
0d1daf27-bb2c-44e6-ada6-61c27f69fe11,home,48,75,7,3,8,4,4,54,1,23,2,94,2,1,8,1,0,0,0,0,0,2026-03-07 22:05:01.620977+00,Cute Boys FC,true,0
0d5490f2-4302-4e08-887e-7bac8a7157c9,away,44,75,1,1,1,1,1,43,9,19,2,86,5,4,10,5,0,1,0,1,0,2026-03-31 11:56:45.707563+00,Valhalla FC,false,0
0d5490f2-4302-4e08-887e-7bac8a7157c9,home,56,103,15,8,14,11,11,50,8,16,4,76,2,3,6,3,0,2,0,0,0,2026-03-31 11:56:45.707563+00,Pau FC,true,0
0dc677ad-c033-4322-b8e8-120a76073870,away,50,76,8,5,13,10,10,64,2,25,3,95,3,2,5,5,0,0,0,0,0,2026-02-24 00:27:50.749071+00,Stungard,false,0
0dc677ad-c033-4322-b8e8-120a76073870,home,51,65,1,0,1,0,0,60,5,18,1,104,3,0,6,5,0,0,0,0,0,2026-02-24 00:27:50.749071+00,Del'Sole,true,0
0f88d185-cd63-4c10-ad1f-735b04b63057,away,48,81,8,3,6,3,3,58,11,15,2,100,7,1,3,4,0,2,0,0,0,2026-02-22 00:45:27.755633+00,Leeds United FC,false,0
0f88d185-cd63-4c10-ad1f-735b04b63057,home,52,84,11,6,12,7,7,62,2,21,1,95,2,4,8,2,1,1,2,0,0,2026-02-22 00:45:27.755633+00,Evriyon,true,0
10093bad-082d-4a36-a236-bb92d4ed6457,away,50,67,4,2,7,4,4,61,11,28,5,104,2,3,7,1,0,0,0,0,0,2026-02-22 17:45:16.223447+00,Aetherborn FC,false,0
10093bad-082d-4a36-a236-bb92d4ed6457,home,52,105,1,0,2,1,1,61,10,17,4,108,3,3,8,5,0,1,0,0,0,2026-02-22 17:45:16.223447+00,Valhalla FC,true,0
105b347b-0c61-47cf-a7c6-5ac2584f9be9,away,42,80,1,1,1,1,1,59,8,21,6,104,3,3,6,4,0,2,0,1,0,2026-03-03 22:02:57.516504+00,Szot United,false,0
105b347b-0c61-47cf-a7c6-5ac2584f9be9,home,59,97,9,5,8,6,6,55,6,30,1,97,0,0,7,2,0,1,0,1,0,2026-03-03 22:02:57.516504+00,Sabertooth,true,0
118b956e-e31e-4f03-af44-774be970ab66,away,45,93,6,3,7,4,4,51,8,17,3,94,4,3,6,1,0,5,2,0,0,2026-03-12 19:05:16.197723+00,FP Sicilia 2019,false,0
118b956e-e31e-4f03-af44-774be970ab66,home,55,90,9,4,7,5,5,50,2,23,0,94,4,4,12,1,0,2,0,3,0,2026-03-12 19:05:16.197723+00,Wembley Guardians,true,0
119559e0-c5ef-4589-811b-a51c608a0af0,away,59,86,8,4,6,4,4,63,11,16,2,96,3,3,6,6,0,1,1,1,0,2026-04-04 21:56:35.893643+00,Stungard,false,0
119559e0-c5ef-4589-811b-a51c608a0af0,home,41,54,0,0,0,0,0,57,8,22,6,97,1,1,6,6,0,1,1,1,0,2026-04-04 21:56:35.893643+00,SSKK Kołobrzeg,true,0
12847716-c05b-4c75-b95a-67654803bd8e,away,48,67,4,2,5,4,4,31,4,20,5,76,4,2,3,4,0,0,2,1,0,2026-04-01 23:41:45.118501+00,Aetherborn FC,false,0
12847716-c05b-4c75-b95a-67654803bd8e,home,52,72,9,3,7,3,3,36,4,20,4,74,3,3,4,5,0,0,0,2,0,2026-04-01 23:41:45.118501+00,Enigma,true,0
1369b9a6-0028-457f-8f03-b6d89f56151b,away,50,75,0,0,0,0,0,54,9,20,6,114,4,0,14,1,0,1,0,0,0,2026-03-03 20:17:41.041187+00,Northguards,false,0
1369b9a6-0028-457f-8f03-b6d89f56151b,home,50,105,14,7,17,10,10,74,2,28,1,105,1,4,2,1,0,1,0,1,0,2026-03-03 20:17:41.041187+00,Jovel Union,true,0
15ed4cee-c763-438e-9701-169ee452260e,away,58,68,9,5,11,7,7,35,2,30,3,83,3,4,12,5,0,0,0,0,0,2026-02-22 19:02:42.974864+00,Borazanspor,false,0
15ed4cee-c763-438e-9701-169ee452260e,home,43,65,5,2,5,4,4,42,4,20,1,85,4,3,6,4,0,2,0,1,0,2026-02-22 19:02:42.974864+00,Sakaryaspor,true,0
16f1d06d-acde-4a48-8c5d-22eb23e6fe7b,away,51,75,4,1,3,1,1,40,9,15,3,80,2,2,5,0,0,1,0,1,0,2026-03-27 15:03:09.794348+00,Aetherborn FC,false,0
16f1d06d-acde-4a48-8c5d-22eb23e6fe7b,home,49,91,10,6,9,8,8,40,6,17,3,73,4,5,11,2,0,0,0,0,0,2026-03-27 15:03:09.794348+00,Leeds United FC,true,0
16f687a6-d6ce-45e2-95e3-0043d4eebaa7,away,52,85,6,3,6,6,3,43,5,29,5,95,3,2,7,8,0,0,0,0,0,2026-02-25 21:22:26.709303+00,Borazanspor,false,0
16f687a6-d6ce-45e2-95e3-0043d4eebaa7,home,49,61,5,2,6,4,4,54,4,25,2,94,1,3,8,5,0,1,0,0,0,2026-02-25 21:22:26.709303+00,Mythra FC,true,0
1976eddb-5378-4453-9ae3-6f6683b90604,away,57,93,1,0,1,0,0,42,3,26,4,99,5,5,10,12,0,1,0,0,0,2026-02-24 00:23:17.982146+00,Sabertooth,false,0
1976eddb-5378-4453-9ae3-6f6683b90604,home,44,53,7,3,6,3,3,54,5,19,3,97,4,0,6,4,0,1,0,1,0,2026-02-24 00:23:17.982146+00,Sunderland AFC,true,0
1b262c95-3010-4886-a99e-249c7699bf4e,away,55,108,9,4,8,5,5,42,7,23,1,83,3,6,8,2,0,2,0,2,0,2026-03-14 23:25:33.598574+00,Cute Boys FC,false,0
1b262c95-3010-4886-a99e-249c7699bf4e,home,45,65,4,2,6,3,3,39,6,20,1,85,2,3,9,3,0,1,0,0,0,2026-03-14 23:25:33.598574+00,Borazanspor,true,0
1d1e3da7-e248-4af4-8311-0f6726281d15,away,51,69,7,3,8,5,5,42,4,19,3,71,0,1,5,5,0,0,0,0,0,2026-02-21 22:48:59.804074+00,Zakrusa,false,0
1d1e3da7-e248-4af4-8311-0f6726281d15,home,50,101,4,3,3,3,3,39,8,19,2,76,1,1,2,5,0,1,0,1,0,2026-02-21 22:48:59.804074+00,Valhalla FC,true,0
1d44e38f-5c76-40dd-baf1-1c02681b47f6,away,50,83,9,4,7,4,4,63,2,20,2,105,0,6,9,3,0,0,0,0,0,2026-02-24 22:52:34.425268+00,FP Sicilia 2019,false,1
1d44e38f-5c76-40dd-baf1-1c02681b47f6,home,51,59,2,2,3,3,3,58,5,23,1,104,3,5,6,1,0,1,0,1,0,2026-02-24 22:52:34.425268+00,Celtic FC,true,0
1dd9934d-36d7-4f02-a310-9135a3c789f9,away,48,65,7,3,4,3,3,46,8,16,2,82,1,2,6,4,0,0,1,0,0,2026-03-04 23:08:55.412958+00,Zakrusa,false,0
1dd9934d-36d7-4f02-a310-9135a3c789f9,home,52,72,9,5,12,8,8,43,4,17,3,73,4,3,10,1,0,1,1,1,0,2026-03-04 23:08:55.412958+00,Aetherborn FC,true,0
1ea8f22c-9452-4f6b-93db-33724a15f128,away,49,87,6,1,8,2,2,54,7,14,3,94,2,6,11,4,0,2,0,0,0,2026-03-04 15:22:45.187719+00,Wembley Guardians,false,0
1ea8f22c-9452-4f6b-93db-33724a15f128,home,52,68,4,2,6,4,4,52,4,25,3,93,3,2,5,4,0,2,0,1,0,2026-03-04 15:22:45.187719+00,Evriyon,true,1
1f435158-fa2e-4c01-aef8-c95f82a1449d,away,45,65,0,0,1,1,1,38,1,16,1,72,3,1,3,1,0,2,3,1,0,2026-02-19 23:02:01.566782+00,Aetherborn FC,false,0
1f435158-fa2e-4c01-aef8-c95f82a1449d,home,55,94,14,7,13,8,8,46,11,19,4,70,1,2,5,2,0,5,3,1,0,2026-02-19 23:02:01.566782+00,PAU,true,0
225c1be0-7359-4dd3-8c28-6267de227172,away,55,87,6,2,6,3,3,54,4,15,4,93,4,2,13,6,0,1,1,0,0,2026-04-06 15:18:59.430252+00,Aetherborn FC,false,0
225c1be0-7359-4dd3-8c28-6267de227172,home,46,62,11,5,9,5,4,51,3,24,3,91,2,2,18,5,0,1,1,1,0,2026-04-06 15:18:59.430252+00,Mythra FC,true,0
2524d367-ba5f-45d7-b123-04d22a426a8b,away,43,85,4,2,4,3,3,39,6,12,4,72,1,8,5,0,0,0,0,0,0,2026-02-23 00:19:11.808609+00,FC Roma,false,0
2524d367-ba5f-45d7-b123-04d22a426a8b,home,58,111,8,4,5,4,4,44,4,20,3,73,0,1,5,8,0,0,0,0,0,2026-02-23 00:19:11.808609+00,Jovel Union,true,0
266dc272-18e2-4bd4-b533-900e83945143,away,44,61,1,0,2,1,1,60,10,15,4,97,4,1,5,5,0,5,0,1,0,2026-04-04 18:03:37.844919+00,Sunderland AFC,false,0
266dc272-18e2-4bd4-b533-900e83945143,home,56,90,12,5,8,6,5,59,2,20,4,90,4,2,7,1,0,0,0,0,0,2026-04-04 18:03:37.844919+00,Luton Town FC,true,0
270c649e-6029-4777-be8b-1322baa40539,away,44,59,17,0,0,0,0,49,3,17,1,49,1,1,4,5,0,6,0,0,0,2026-03-26 19:36:11.286532+00,Szot United,false,0
270c649e-6029-4777-be8b-1322baa40539,home,56,120,21,0,0,0,0,50,6,21,2,50,3,0,6,0,0,5,0,1,0,2026-03-26 19:36:11.286532+00,Jovel Union,true,0
27a287ab-f6db-43d4-9f35-30fc6b5156f8,away,50,79,1,0,3,0,0,48,12,12,1,89,3,0,3,2,0,0,1,0,0,2026-03-16 13:00:34.515998+00,Artemis FC,false,1
27a287ab-f6db-43d4-9f35-30fc6b5156f8,home,52,106,15,6,25,16,16,49,1,26,2,78,4,2,5,1,0,1,0,0,0,2026-03-16 13:00:34.515998+00,Leeds United FC,true,0
28470a8e-7c7b-48bd-adba-bda81b26ccad,away,47,101,1,0,2,1,1,54,5,19,5,95,2,1,7,1,0,1,0,0,0,2026-02-25 21:34:02.897235+00,Cute Boys FC,false,0
28470a8e-7c7b-48bd-adba-bda81b26ccad,home,53,66,10,5,15,9,9,52,1,28,2,89,0,4,6,3,0,1,0,1,0,2026-02-25 21:34:02.897235+00,Enigma,true,0
28a7f9e8-b7b7-4704-9657-7483f521fb0d,away,49,80,11,6,12,9,9,80,5,23,1,116,4,5,7,2,0,0,0,0,0,2026-02-22 00:57:57.503371+00,Stowarzyszenie Sportowe KołoKurw,false,0
28a7f9e8-b7b7-4704-9657-7483f521fb0d,home,52,63,1,0,3,1,1,67,8,16,3,122,3,4,17,0,0,0,0,0,0,2026-02-22 00:57:57.503371+00,REGARD FC,true,0
28eb2d51-effd-4654-a809-48d1736397ae,away,54,94,7,4,8,5,5,43,3,20,2,77,4,3,9,2,0,3,0,0,0,2026-02-19 23:35:45.242716+00,Jovel Union,false,0
28eb2d51-effd-4654-a809-48d1736397ae,home,47,58,5,1,5,1,1,42,10,20,5,85,3,2,4,5,0,2,0,2,0,2026-02-19 23:35:45.242716+00,Sakaryaspor,true,0
2a119187-6e7a-45c9-82f7-79fdd71171cd,away,46,71,2,1,2,1,1,69,11,34,4,120,4,5,10,5,0,0,0,0,0,2026-03-03 20:24:15.365004+00,FP Sicilia 2019,false,0
2a119187-6e7a-45c9-82f7-79fdd71171cd,home,54,65,2,2,3,2,2,66,2,28,3,120,4,6,10,5,0,0,0,0,0,2026-03-03 20:24:15.365004+00,Wembley Guardians,true,0
2a8a44d5-49df-4ee4-b4fe-2126b2577a18,away,47,72,3,1,6,4,4,61,3,19,1,94,4,4,5,2,0,0,0,0,0,2026-03-14 23:41:36.557669+00,Rangers FC,false,0
2a8a44d5-49df-4ee4-b4fe-2126b2577a18,home,54,83,12,5,12,8,8,58,4,21,3,92,4,4,6,3,0,1,0,1,0,2026-03-14 23:41:36.557669+00,Luton Town FC,true,0
2ac6812b-064b-47aa-819e-8502396a8016,away,53,72,6,3,4,3,2,64,6,21,3,120,1,6,6,5,0,0,0,0,0,2026-03-14 23:23:54.141155+00,Zakrusa,false,0
2ac6812b-064b-47aa-819e-8502396a8016,home,48,69,5,4,10,8,8,69,10,25,2,110,3,4,8,10,0,1,0,0,0,2026-03-14 23:23:54.141155+00,Beşiktaş JK,true,2
2b740a5f-7700-4636-823d-8fab6112a99d,away,46,55,0,0,1,1,1,62,5,21,1,107,4,3,8,3,0,0,0,0,0,2026-02-22 17:11:43.380919+00,VigiLant,false,0
2b740a5f-7700-4636-823d-8fab6112a99d,home,54,90,3,2,6,3,3,66,3,24,4,104,1,3,4,2,0,1,0,1,0,2026-02-22 17:11:43.380919+00,Stowarzyszenie Sportow,true,0
2c83e77d-39d4-480c-a792-2ef35f3e4545,away,51,90,3,2,3,3,3,53,9,17,0,84,4,3,6,6,0,1,0,1,0,2026-03-04 16:47:15.387905+00,Sabertooth,false,0
2c83e77d-39d4-480c-a792-2ef35f3e4545,home,49,72,5,2,7,4,4,46,4,21,2,88,1,4,7,6,0,1,0,1,0,2026-03-04 16:47:15.387905+00,Zakrusa,true,0
2e634c7d-aafb-40c1-a7c7-3035dc72511a,away,48,74,11,3,10,4,4,46,6,18,3,87,2,5,4,5,0,1,1,0,0,2026-04-04 17:44:02.533611+00,Enigma,false,0
2e634c7d-aafb-40c1-a7c7-3035dc72511a,home,53,86,4,1,7,3,3,49,8,20,2,88,1,2,5,2,0,0,0,0,0,2026-04-04 17:44:02.533611+00,Leeds United FC,true,0
2e7415b9-2a6a-4472-8e31-a8aa260a8364,away,42,59,3,0,4,3,2,60,3,24,2,104,2,4,0,4,0,3,0,1,0,2026-02-26 23:13:20.951562+00,HD FC,false,0
2e7415b9-2a6a-4472-8e31-a8aa260a8364,home,58,89,4,0,5,4,4,53,4,25,4,102,4,1,12,4,0,3,0,0,0,2026-02-26 23:13:20.951562+00,Sabertooth,true,0
30497bca-6b74-4b18-a1bd-a9426f36134a,away,56,85,0,0,0,0,0,43,6,27,6,98,14,9,31,5,1,13,7,0,0,2026-02-22 16:57:30.132268+00,Del'Sole,false,0
30497bca-6b74-4b18-a1bd-a9426f36134a,home,44,46,5,2,11,7,7,53,3,30,2,92,1,3,1,1,0,0,0,0,0,2026-02-22 16:57:30.132268+00,Sakaryaspor,true,0
31333b18-9175-45be-9519-9e8dcbe198f4,away,58,98,5,1,8,5,5,54,2,22,2,83,1,2,1,1,0,0,0,0,0,2026-03-12 19:13:16.571743+00,Akatsuki,false,0
31333b18-9175-45be-9519-9e8dcbe198f4,home,42,64,3,2,2,2,2,50,7,19,4,86,3,1,4,0,0,1,0,0,0,2026-03-12 19:13:16.571743+00,FP Sicilia 2019,true,0
317c009a-817d-4bca-9227-387368dbdb34,away,54,86,0,0,4,3,3,56,5,29,2,102,1,3,9,0,1,1,0,1,0,2026-03-14 23:35:00.372331+00,Akatsuki,false,0
317c009a-817d-4bca-9227-387368dbdb34,home,47,60,6,3,7,4,4,61,10,17,5,101,1,1,10,2,0,1,0,1,0,2026-03-14 23:35:00.372331+00,HD FC,true,0
3587a12b-fdf7-4f3e-9a02-60862d7daf16,away,54,70,6,2,9,4,4,42,3,35,1,89,1,2,7,1,0,0,0,0,0,2026-03-03 20:26:48.965602+00,STG,false,0
3587a12b-fdf7-4f3e-9a02-60862d7daf16,home,46,69,0,0,2,1,1,44,2,29,7,94,4,0,2,1,0,0,0,1,0,2026-03-03 20:26:48.965602+00,HDFC,true,0
35a6796d-6765-482a-a1b6-13b36b7f2cb1,away,45,75,1,1,3,2,2,57,5,19,6,96,2,2,3,2,1,2,0,0,0,2026-03-31 11:43:13.639445+00,SSKK Kołobrzeg,false,0
35a6796d-6765-482a-a1b6-13b36b7f2cb1,home,57,85,12,6,13,7,7,54,9,26,4,95,1,2,7,4,0,1,0,0,0,2026-03-31 11:43:13.639445+00,Stungard,true,0
370c0953-e7aa-4118-8e69-a4a2d072cf86,away,45,60,5,3,9,7,10,45,9,19,4,85,4,1,6,0,0,1,0,0,0,2026-02-22 15:53:03.777279+00,Mythra FC,false,0
370c0953-e7aa-4118-8e69-a4a2d072cf86,home,55,78,5,1,5,1,1,45,2,19,1,90,3,11,3,2,0,0,0,0,0,2026-02-22 15:53:03.777279+00,Valientes Gang,true,0
3829b665-cbf9-4296-95bd-d6c7e74822fb,away,40,50,2,1,2,2,2,53,8,17,6,87,4,1,3,0,0,2,0,1,0,2026-03-25 19:48:20.885475+00,HD FC,false,0
3829b665-cbf9-4296-95bd-d6c7e74822fb,home,60,105,10,5,9,6,6,41,1,24,2,86,3,4,11,4,0,0,2,0,0,2026-03-25 19:48:20.885475+00,VigiLant,true,0
39ec2337-e93c-4673-8974-61c1e0f90cd5,away,53,83,11,7,10,9,9,38,0,29,2,80,5,1,5,2,0,0,0,0,0,2026-03-14 23:22:00.251605+00,Valhalla FC,false,0
39ec2337-e93c-4673-8974-61c1e0f90cd5,home,47,61,1,0,1,0,0,36,7,23,3,87,1,0,7,1,0,1,2,1,0,2026-03-14 23:22:00.251605+00,Sakaryaspor,true,0
3c756bdd-666a-4450-b264-df5ecde15e3c,away,58,76,2,1,2,1,1,34,3,37,1,93,0,1,3,1,0,1,0,0,0,2026-02-22 00:36:30.292793+00,Borazanspor,false,0
3c756bdd-666a-4450-b264-df5ecde15e3c,home,42,44,1,0,2,1,1,47,11,33,5,50,0,1,3,0,0,0,0,0,0,2026-02-22 00:36:30.292793+00,Celtic FC,true,0
3dac7297-0540-451e-9378-0e096c909ab8,away,54,59,3,1,9,7,7,66,5,25,3,108,3,3,8,9,2,1,0,1,0,2026-03-31 23:44:38.002337+00,Velocita FC,false,0
3dac7297-0540-451e-9378-0e096c909ab8,home,46,70,3,1,2,1,1,69,10,13,4,111,5,5,9,8,1,2,1,1,0,2026-03-31 23:44:38.002337+00,Wembley Guardians,true,0
44393b5f-8a87-440d-9086-d59cf6368ff0,away,58,104,22,10,19,10,10,45,5,24,2,86,3,7,10,2,0,1,0,0,0,2026-04-01 23:39:17.671823+00,Pau FC,false,0
44393b5f-8a87-440d-9086-d59cf6368ff0,home,42,63,5,3,10,6,6,42,5,20,3,94,7,3,3,3,0,2,0,2,0,2026-04-01 23:39:17.671823+00,Valhalla FC,true,0
44acf10a-9740-4183-810a-5bd568355930,away,53,87,2,1,4,2,2,44,3,27,3,100,6,2,6,2,0,1,0,0,0,2026-03-29 21:56:40.408398+00,FC Roma,false,0
44acf10a-9740-4183-810a-5bd568355930,home,47,55,1,0,3,1,1,59,3,21,2,96,3,5,8,1,0,1,0,1,0,2026-03-29 21:56:40.408398+00,Sakaryaspor,true,0
44f30d9c-9ecf-4aa9-ad5a-14c6f4997c7f,away,68,108,5,2,10,5,5,78,1,32,8,129,2,4,10,5,0,2,0,2,0,2026-03-03 20:20:25.382205+00,Velocita FC,false,0
44f30d9c-9ecf-4aa9-ad5a-14c6f4997c7f,home,32,40,3,1,3,1,1,92,10,15,3,135,6,2,3,3,0,2,0,1,0,2026-03-03 20:20:25.382205+00,TarhanSpor,true,0
459b80ce-7421-48a8-b0a6-1da4c947f4f0,away,57,98,5,3,7,4,4,53,7,32,4,107,4,5,6,3,0,1,0,0,0,2026-03-25 19:49:44.860587+00,Sunderland AFC,false,1
459b80ce-7421-48a8-b0a6-1da4c947f4f0,home,43,54,2,0,2,0,0,56,9,25,2,112,4,6,9,2,0,0,0,1,0,2026-03-25 19:49:44.860587+00,TarhanSpor,true,0
45dc2601-905c-41b8-8920-e204436b1854,away,54,84,3,1,2,1,1,46,2,19,1,87,5,2,6,2,0,0,0,1,0,2026-03-04 23:06:44.268939+00,Las Noches,false,0
45dc2601-905c-41b8-8920-e204436b1854,home,46,68,5,2,6,3,3,47,7,26,3,85,2,0,5,1,0,1,0,2,0,2026-03-04 23:06:44.268939+00,Beşiktaş JK,true,0
482294ea-282b-49b2-b1a0-f42a05914150,away,56,93,0,0,2,1,1,44,4,33,4,102,4,1,9,0,0,0,0,0,0,2026-02-22 00:40:54.816067+00,Northguards,false,0
482294ea-282b-49b2-b1a0-f42a05914150,home,44,56,2,1,5,3,3,57,3,30,6,102,3,2,6,0,0,2,0,2,0,2026-02-22 00:40:54.816067+00,Sunderland AFC,true,0
48aa1303-fd53-48e4-91e4-6da634cd1a92,away,47,58,1,1,3,3,3,39,6,19,4,88,2,4,11,5,0,2,0,0,0,2026-03-06 00:01:27.711505+00,,,
48aa1303-fd53-48e4-91e4-6da634cd1a92,home,53,105,11,7,12,10,10,59,2,17,2,81,0,3,3,7,0,1,0,0,0,2026-03-06 00:01:27.711505+00,,,
48fa8117-647b-4337-928d-562279cd4e51,away,49,61,4,2,8,5,5,67,4,20,1,99,2,4,5,3,0,1,0,1,0,2026-03-14 23:15:55.32485+00,Stungard,false,0
48fa8117-647b-4337-928d-562279cd4e51,home,51,83,2,1,2,2,2,55,4,19,3,101,5,0,12,4,0,1,0,0,0,2026-03-14 23:15:55.32485+00,Sabertooth,true,0
4a246baf-f042-4782-a363-70a446d3f3ef,away,50,63,12,5,10,5,5,58,2,21,4,97,2,5,6,5,1,0,3,3,0,2026-02-22 15:39:00.263871+00,Mythra FC,false,0
4a246baf-f042-4782-a363-70a446d3f3ef,home,50,87,4,2,4,3,3,51,5,19,7,99,5,5,5,4,0,5,2,1,0,2026-02-22 15:39:00.263871+00,Artemis FC,true,0
4a4b7303-6102-4b62-9d51-e882afce6842,away,48,87,8,4,9,5,5,48,16,16,5,87,2,2,9,3,0,10,0,2,0,2026-02-27 19:39:17.103059+00,Sabertooth,false,0
4a4b7303-6102-4b62-9d51-e882afce6842,home,53,79,15,7,14,8,8,60,15,15,2,84,2,2,3,5,0,5,0,1,0,2026-02-27 19:39:17.103059+00,VigiLant,true,0
4c36e170-64b6-4003-b4e7-a226823d7255,away,53,80,4,1,7,2,2,45,3,18,4,97,4,4,15,2,0,1,0,2,0,2026-02-27 21:04:11.283223+00,Aetherborn FC,false,0
4c36e170-64b6-4003-b4e7-a226823d7255,home,47,74,9,3,10,5,5,56,12,22,4,94,3,4,7,1,0,0,2,2,0,2026-02-27 21:04:11.283223+00,Beşiktaş JK,true,0
4ce1d722-5385-483b-b0d0-871333b0576d,away,67,115,9,4,8,4,4,63,2,29,3,105,1,3,7,1,0,0,0,0,0,2026-02-24 00:30:39.76736+00,Luton Town FC,false,0
4ce1d722-5385-483b-b0d0-871333b0576d,home,33,33,1,1,5,3,3,68,7,18,3,107,1,1,3,1,0,1,0,1,0,2026-02-24 00:30:39.76736+00,TarhanSpor,true,0
4d0b217d-5ee7-43cd-b2c8-c1828a2cde9f,away,58,84,7,3,6,3,3,55,6,28,3,100,1,5,5,2,0,0,0,0,0,2026-03-04 15:34:30.67429+00,Heroes FC,false,0
4d0b217d-5ee7-43cd-b2c8-c1828a2cde9f,home,44,62,2,2,6,4,4,51,4,26,6,102,2,3,7,2,0,2,0,1,0,2026-03-04 15:34:30.67429+00,Sunderland AFC,true,0
4ee38ebb-a3e5-4bd0-bc0e-7cc91d7d20a2,away,40,47,4,2,5,4,4,44,7,21,6,76,3,3,5,5,0,1,0,0,0,2026-03-22 23:33:21.695949+00,SSKK Kołobrzeg,false,0
4ee38ebb-a3e5-4bd0-bc0e-7cc91d7d20a2,home,60,62,4,1,4,1,1,44,7,20,3,81,2,6,10,2,0,1,0,0,0,2026-03-22 23:33:21.695949+00,Evriyon,true,0
52c781cc-1728-48fa-bff3-0a68ecc24bcc,away,46,62,2,1,3,2,2,45,10,15,4,95,6,2,3,4,0,2,0,1,0,2026-03-14 23:16:41.697591+00,VL,false,0
52c781cc-1728-48fa-bff3-0a68ecc24bcc,home,54,92,17,8,13,8,8,48,4,24,4,87,1,8,10,1,0,1,2,1,0,2026-03-14 23:16:41.697591+00,Pau FC,true,0
53440b8a-b194-4490-a116-ee336c7da99d,away,61,105,10,6,12,9,9,63,1,25,1,98,2,6,6,6,0,0,0,0,0,2026-03-16 12:56:12.322786+00,Stungard,false,0
53440b8a-b194-4490-a116-ee336c7da99d,home,39,46,2,1,3,2,2,70,14,17,7,108,0,0,6,1,0,1,0,1,0,2026-03-16 12:56:12.322786+00,Sakaryaspor,true,0
53665c2e-f512-4c7d-892a-31f04549ce79,away,50,64,1,0,5,3,3,60,4,34,1,106,2,5,5,2,0,2,0,0,0,2026-02-27 19:32:35.874932+00,Sunderland AFC,false,0
53665c2e-f512-4c7d-892a-31f04549ce79,home,50,78,3,1,3,2,2,53,8,26,6,110,3,1,8,6,0,1,0,0,0,2026-02-27 19:32:35.874932+00,SSKK Kołobrzeg,true,1
58830249-c2d6-4e90-a451-d63b21955bae,away,47,71,13,7,10,9,9,38,6,15,2,68,2,2,6,0,0,0,0,0,0,2026-02-22 15:56:16.396214+00,Borazanspor,false,0
58830249-c2d6-4e90-a451-d63b21955bae,home,53,70,8,4,5,4,4,35,8,19,3,73,0,8,5,0,0,0,0,0,0,2026-02-22 15:56:16.396214+00,Galatasaray SK,true,0
58d9a6c3-e710-4da2-8f03-e19990b4b43e,away,45,50,2,2,6,5,5,45,8,16,8,106,2,1,1,4,0,2,0,2,0,2026-03-27 20:49:29.251287+00,Cute Boys FC,false,0
58d9a6c3-e710-4da2-8f03-e19990b4b43e,home,56,91,27,14,33,25,25,55,1,30,3,83,0,3,0,2,0,1,0,0,0,2026-03-27 20:49:29.251287+00,Pau FC,true,0
5a096ce6-9b72-4baa-b6e6-ea18ea4fd54a,away,54,70,6,3,10,7,7,75,2,25,0,116,3,1,10,2,0,1,0,1,0,2026-03-04 18:55:12.817231+00,Regard FC,false,0
5a096ce6-9b72-4baa-b6e6-ea18ea4fd54a,home,47,67,2,1,5,4,4,78,6,15,0,119,1,2,5,2,0,2,0,1,0,2026-03-04 18:55:12.817231+00,Bird of Hermes,true,0
5a8dac91-2e6b-46be-a398-e48402343a94,away,53,102,12,8,12,9,9,51,5,20,2,84,2,6,3,2,0,0,0,0,0,2026-03-14 23:33:14.585063+00,Leeds United FC,false,0
5a8dac91-2e6b-46be-a398-e48402343a94,home,48,72,5,2,4,3,3,45,14,19,2,90,2,5,4,1,0,2,0,0,0,2026-03-14 23:33:14.585063+00,Artemis FC,true,0
5bb476eb-1beb-4617-9232-0441817b1d5d,away,59,75,7,4,4,4,4,52,3,27,4,108,6,4,8,2,0,3,0,0,0,2026-03-29 21:53:23.64064+00,Stungard,false,0
5bb476eb-1beb-4617-9232-0441817b1d5d,home,41,65,4,3,5,4,4,49,2,34,6,110,3,5,10,6,0,2,0,1,0,2026-03-29 21:53:23.64064+00,Wembley Guardians,true,0
5c74d44a-1dd0-4efe-8f6b-2017a391c268,away,44,69,2,1,4,3,3,61,6,21,6,99,4,1,9,2,0,1,0,1,0,2026-03-04 16:36:27.166807+00,Borazanspor,false,0
5c74d44a-1dd0-4efe-8f6b-2017a391c268,home,57,120,13,4,11,4,4,64,10,18,4,101,0,3,8,3,0,2,0,0,0,2026-03-04 16:36:27.166807+00,Cute Boys FC,true,0
5c81488e-8ea7-4668-9b02-513864b1caf7,away,61,123,13,6,10,7,7,60,1,25,2,96,3,1,7,1,0,1,0,0,0,2026-02-22 17:03:28.038754+00,Las Noches,false,0
5c81488e-8ea7-4668-9b02-513864b1caf7,home,39,54,2,0,5,2,2,63,6,21,5,102,3,1,1,3,0,0,0,0,0,2026-02-22 17:03:28.038754+00,TarhanSpor,true,0
5d56ae01-a7c1-4d33-b2da-84e05e5b11bb,away,33,30,2,1,7,6,6,44,8,13,6,78,4,1,10,1,0,1,0,1,0,2026-03-14 23:19:17.948009+00,Mythra FC,false,0
5d56ae01-a7c1-4d33-b2da-84e05e5b11bb,home,67,86,6,2,6,3,3,28,1,19,0,78,4,1,10,1,0,1,0,0,0,2026-03-14 23:19:17.948009+00,Enigma,true,0
5df03f31-366f-4c46-ac7f-678c1954c20d,away,56,95,6,3,3,3,3,55,5,25,2,104,2,2,7,4,0,2,0,3,0,2026-02-22 17:24:42.972732+00,Enigma,false,0
5df03f31-366f-4c46-ac7f-678c1954c20d,home,46,54,0,0,2,1,1,56,9,28,5,108,3,6,4,3,0,2,0,2,0,2026-02-22 17:24:42.972732+00,Mythra FC,true,0
5ed41836-4ddd-4a08-b369-d4a8cb514de1,away,38,56,6,3,5,3,3,56,2,27,2,100,0,2,4,3,0,2,2,0,0,2026-02-27 21:11:11.644142+00,TarhanSpor,false,0
5ed41836-4ddd-4a08-b369-d4a8cb514de1,home,62,94,6,3,7,4,4,54,5,23,1,98,2,4,5,1,0,0,0,0,0,2026-02-27 21:11:11.644142+00,Northguards,true,0
609464f5-8c25-4ae5-a0a7-79abfd6a03ab,away,48,68,0,0,5,2,2,55,2,34,3,126,5,3,17,2,0,0,0,0,0,2026-02-21 22:59:33.756809+00,FP Sicilia 2019,false,0
609464f5-8c25-4ae5-a0a7-79abfd6a03ab,home,52,73,6,2,6,2,2,73,12,34,4,123,2,6,3,2,0,0,0,0,0,2026-02-21 22:59:33.756809+00,Sakaryaspor,true,0
61d0cf7a-ba7c-4b35-b1b4-5151b0669704,away,49,94,3,1,5,3,3,47,6,21,5,91,7,4,3,2,0,1,0,0,0,2026-02-19 23:27:02.945105+00,Artemis FC,false,0
61d0cf7a-ba7c-4b35-b1b4-5151b0669704,home,52,64,8,4,8,4,4,50,11,25,2,90,1,4,6,1,0,0,0,0,0,2026-02-19 23:27:02.945105+00,Valientes GANG,true,0
6266fb87-4573-4fdc-a586-0dd993c73b0d,away,54,71,3,2,2,2,2,53,5,21,1,95,3,7,5,4,0,3,0,0,0,2026-03-01 23:31:09.032141+00,Del'Sole,false,0
6266fb87-4573-4fdc-a586-0dd993c73b0d,home,47,82,4,2,5,3,3,60,6,20,8,97,1,1,5,6,0,4,0,1,0,2026-03-01 23:31:09.032141+00,FC Roma,true,0
659df8e3-d7f4-488b-9832-83d41053b8b7,away,55,95,11,5,9,6,6,12,2,15,2,59,6,1,0,0,0,0,0,1,0,2026-03-31 11:53:21.191244+00,VigiLant,false,0
659df8e3-d7f4-488b-9832-83d41053b8b7,home,46,87,17,9,17,12,12,18,2,18,2,50,4,6,0,0,0,0,0,1,0,2026-03-31 11:53:21.191244+00,Beşiktaş JK,true,0
694bf0e8-aa81-40d1-9253-3ae7dbc044b2,away,42,50,1,0,3,0,0,56,8,20,2,106,6,3,5,6,0,1,0,1,0,2026-04-03 18:52:20.064503+00,Cute Boys,false,0
694bf0e8-aa81-40d1-9253-3ae7dbc044b2,home,58,97,7,3,7,4,4,58,2,26,3,96,4,5,2,3,0,1,0,0,0,2026-04-03 18:52:20.064503+00,Valhalla FC,true,0
69619220-fd49-4d61-ab46-1f45aece61c9,away,48,66,1,0,2,2,2,51,7,19,6,100,2,4,9,5,0,2,0,2,0,2026-02-18 23:24:49.499514+00,Zakrusa,false,0
69619220-fd49-4d61-ab46-1f45aece61c9,home,53,79,11,4,10,5,5,54,7,29,4,95,3,2,3,0,0,3,0,4,0,2026-02-18 23:24:49.499514+00,BESIKTAS JK,true,0
6b32ade8-f2de-4809-9ea6-44e8c9ad14ac,away,54,81,1,1,2,2,2,50,1,17,1,86,1,2,6,0,0,0,0,0,0,2026-02-22 17:42:42.42192+00,Evriyon,false,0
6b32ade8-f2de-4809-9ea6-44e8c9ad14ac,home,47,72,7,4,6,5,5,53,5,18,1,84,0,2,7,0,0,0,0,0,0,2026-02-22 17:42:42.42192+00,Artemis FC,true,0
6f00fda7-eb98-4076-9893-5dfa5f4ea4dd,away,51,93,2,0,3,1,1,58,6,19,6,107,1,0,11,3,0,2,0,0,0,2026-02-22 20:37:26.655363+00,Szot United,false,0
6f00fda7-eb98-4076-9893-5dfa5f4ea4dd,home,49,67,12,6,11,8,8,67,3,28,2,97,4,4,4,2,0,0,0,0,0,2026-02-22 20:37:26.655363+00,FP Sicilia 2019,true,0
70b394cd-e757-4895-b92b-537ef11e5b19,away,50,77,0,0,0,0,0,51,4,28,2,100,4,3,10,5,0,0,0,0,0,2026-02-24 00:35:24.060902+00,HD FC,false,0
70b394cd-e757-4895-b92b-537ef11e5b19,home,50,74,9,3,10,5,5,53,8,27,1,96,1,4,10,2,0,0,0,0,0,2026-02-24 00:35:24.060902+00,Rangers FC,true,0
747f6fdc-4a3e-4673-9ddf-fdfe22dfad0a,away,48,76,0,0,1,0,0,71,9,18,3,112,1,5,9,1,0,0,0,0,0,2026-02-19 23:20:51.509362+00,Cute Boys FC,false,0
747f6fdc-4a3e-4673-9ddf-fdfe22dfad0a,home,53,83,6,2,8,4,4,66,8,22,7,107,2,6,9,1,0,0,0,0,0,2026-02-19 23:20:51.509362+00,Leeds United FC,true,0
74a2fb98-a33d-49df-9819-8fe2a9eae7c4,away,41,50,6,3,6,4,4,49,16,18,5,94,4,2,8,7,0,1,0,1,0,2026-03-07 22:09:40.168362+00,Mythra FC,false,0
74a2fb98-a33d-49df-9819-8fe2a9eae7c4,home,59,122,8,2,7,2,2,38,6,28,3,96,3,8,9,2,0,1,0,0,0,2026-03-07 22:09:40.168362+00,Pau FC,true,0
74cb3852-0152-41b5-bb03-20ebe2a403dd,away,47,61,8,5,10,10,10,58,2,20,0,100,3,6,5,7,0,0,0,0,0,2026-03-23 00:13:15.618858+00,Velocita FC,false,0
74cb3852-0152-41b5-bb03-20ebe2a403dd,home,54,49,4,3,5,4,4,60,13,21,8,103,3,5,3,1,0,4,0,0,1,2026-03-23 00:13:15.618858+00,Cute Boys FC,true,0
75cce034-1cdb-4faf-8794-6ce66a2accf8,away,55,92,5,2,7,3,3,43,3,29,1,95,2,1,7,4,0,0,0,0,0,2026-03-04 15:16:31.437911+00,FC Roma,false,0
75cce034-1cdb-4faf-8794-6ce66a2accf8,home,45,61,2,1,7,5,5,47,5,28,5,90,3,4,7,1,0,0,0,0,0,2026-03-04 15:16:31.437911+00,Regard FC,true,1
768f312b-661f-4ecb-b306-e6a291df7b40,away,46,72,2,1,6,6,6,71,12,18,5,109,3,4,10,3,0,1,0,1,0,2026-03-12 19:19:07.595782+00,Celtic FC,false,0
768f312b-661f-4ecb-b306-e6a291df7b40,home,54,78,2,2,9,6,6,63,3,29,5,107,2,4,4,1,1,1,0,1,0,2026-03-12 19:19:07.595782+00,Wembley Guardians,true,0
778eb8b5-3f17-481a-be56-9b7757b91416,away,59,63,3,0,7,1,1,54,5,26,4,102,3,5,9,4,0,1,2,1,0,2026-03-16 12:57:41.949105+00,Velocita FC,false,0
778eb8b5-3f17-481a-be56-9b7757b91416,home,42,63,3,1,3,1,1,55,11,25,7,100,6,1,7,3,0,0,0,0,0,2026-03-16 12:57:41.949105+00,FC Roma,true,0
7827f432-d418-4542-a7a4-503a9b45106e,away,48,77,7,1,1,1,1,40,2,25,2,87,8,4,9,6,0,2,0,1,0,2026-03-22 23:50:36.829572+00,Akatsuki,false,0
7827f432-d418-4542-a7a4-503a9b45106e,home,52,52,3,1,3,1,1,41,6,28,13,87,4,0,6,4,1,1,1,0,1,2026-03-22 23:50:36.829572+00,Artemis FC,true,0
788e60ad-e91f-490c-a2bf-01a905d833d2,away,46,67,5,2,5,3,3,34,5,18,2,79,2,2,8,4,0,1,0,0,0,2026-02-19 22:28:25.5307+00,Evriyon,false,0
788e60ad-e91f-490c-a2bf-01a905d833d2,home,57,90,4,2,5,4,4,45,10,21,6,74,1,2,3,1,0,1,0,1,0,2026-02-19 22:28:25.5307+00,Enigma,true,0
78919938-3c32-42aa-8095-a4d622499d7b,away,39,58,7,3,4,3,3,41,13,18,3,83,4,1,8,0,0,2,0,1,0,2026-03-12 19:09:16.219877+00,Borazanspor,false,0
78919938-3c32-42aa-8095-a4d622499d7b,home,62,94,4,3,5,4,4,44,6,22,4,81,1,6,1,2,0,0,0,0,0,2026-03-12 19:09:16.219877+00,Enigma,true,0
7934e03f-23a5-4b89-ac6b-1e6f19a853bc,away,52,95,3,1,10,4,2,8,7,25,16,112,3,4,6,5,0,0,1,1,0,2026-03-29 21:50:12.909244+00,Szot United,false,0
7934e03f-23a5-4b89-ac6b-1e6f19a853bc,home,48,52,3,2,9,6,6,6,5,24,12,101,4,3,5,2,1,1,0,1,0,2026-03-29 21:50:12.909244+00,Borazanspor,true,0
79529f02-c9ca-490f-a18c-d5c78831d3d9,away,51,122,4,2,5,4,4,60,3,37,5,121,2,3,12,1,0,1,0,0,0,2026-03-04 23:50:18.279524+00,Evriyon,false,0
79529f02-c9ca-490f-a18c-d5c78831d3d9,home,49,106,1,0,6,3,3,71,9,33,4,122,3,4,10,5,0,2,0,1,0,2026-03-04 23:50:18.279524+00,Las Noches,true,0
7a6022a2-c30c-400a-b758-ef2965c1ef79,away,48,63,5,2,6,4,4,68,3,39,1,121,1,3,10,2,0,2,0,2,0,2026-02-22 17:27:47.573721+00,FP Sicilia 2019,false,0
7a6022a2-c30c-400a-b758-ef2965c1ef79,home,52,81,4,1,5,2,2,75,5,29,5,124,0,4,6,3,0,1,0,1,0,2026-02-22 17:27:47.573721+00,Stungard,true,0
7cfa670a-5e76-4334-82c0-ebebff69e89d,away,60,80,5,2,6,3,3,40,2,13,3,72,0,2,11,3,0,0,2,0,0,2026-03-04 23:16:02.941572+00,Evriyon,false,0
7cfa670a-5e76-4334-82c0-ebebff69e89d,home,40,63,9,4,8,5,5,46,8,10,2,69,6,1,5,0,0,0,0,0,0,2026-03-04 23:16:02.941572+00,Pau FC,true,0
7d69d580-a9bd-42d5-81d3-3ec0803697c3,away,51,79,2,1,5,3,3,48,7,25,3,92,1,0,5,4,0,1,0,0,0,2026-03-12 19:08:13.202596+00,Szot United,false,0
7d69d580-a9bd-42d5-81d3-3ec0803697c3,home,49,79,8,4,6,4,4,49,5,25,3,91,1,1,5,5,0,2,0,1,0,2026-03-12 19:08:13.202596+00,FC Roma,true,0
7e47f62c-b397-4c49-a84d-821585d74340,away,46,68,12,5,11,7,7,43,6,20,4,84,5,3,2,3,0,0,0,0,0,2026-03-04 15:10:51.668454+00,Galatasaray,false,0
7e47f62c-b397-4c49-a84d-821585d74340,home,54,91,10,3,15,8,8,44,3,20,1,82,1,5,3,5,0,3,0,3,0,2026-03-04 15:10:51.668454+00,Pepper FC,true,0
7e9344b0-03f0-41af-991b-5ffdfdc6cec4,away,42,53,6,2,8,5,5,60,12,26,3,108,1,5,0,5,0,2,0,1,0,2026-02-21 22:37:49.710225+00,Regard FC,false,0
7e9344b0-03f0-41af-991b-5ffdfdc6cec4,home,59,92,8,3,10,6,6,61,23,23,3,82,2,1,9,4,0,2,0,2,0,2026-02-21 22:37:49.710225+00,Northguards,true,0
806be616-d8e8-4144-a14b-ccc6464f3ddc,away,51,110,5,3,4,3,3,35,4,16,3,70,3,4,5,5,0,2,0,2,0,2026-03-06 21:59:31.603863+00,Akatsuki,false,0
806be616-d8e8-4144-a14b-ccc6464f3ddc,home,49,62,8,4,7,4,4,34,4,23,4,68,3,1,4,5,0,2,0,0,0,2026-03-06 21:59:31.603863+00,VigiLant,true,0
810ebdd7-435a-492a-8219-830604c69bb1,away,57,71,3,2,7,4,4,67,4,21,2,105,1,5,10,2,0,1,0,0,0,2026-03-01 23:19:48.881632+00,Stungard,false,0
810ebdd7-435a-492a-8219-830604c69bb1,home,44,43,0,0,0,0,0,61,10,23,4,108,1,3,6,2,0,1,0,0,0,2026-03-01 23:19:48.881632+00,Celtic FC,true,0
82716bd7-9ebb-4991-ac15-f92d3482f92a,away,49,100,14,7,11,10,10,61,4,21,1,84,2,4,3,7,0,1,0,1,0,2026-02-22 00:24:57.028007+00,Jovel Union,false,0
82716bd7-9ebb-4991-ac15-f92d3482f92a,home,52,83,0,0,0,0,0,49,10,18,0,94,1,0,7,3,0,0,0,0,0,2026-02-22 00:24:57.028007+00,Stungard,true,0
834fc23f-3022-4608-ab59-946f47c753e0,away,58,95,8,4,10,7,7,74,1,21,1,124,1,6,7,4,0,2,0,0,0,2026-03-06 22:03:00.528775+00,SSKK Kołobrzeg,false,0
834fc23f-3022-4608-ab59-946f47c753e0,home,42,63,7,5,8,7,7,80,14,29,4,119,0,4,5,1,1,1,0,1,0,2026-03-06 22:03:00.528775+00,TarhanSpor,true,0
84ef5a32-452f-493f-9393-267d740384e6,away,51,57,6,4,10,5,5,65,3,27,2,108,2,0,1,5,0,1,0,0,0,2026-02-22 00:33:12.43642+00,Wembley Guardians,false,0
84ef5a32-452f-493f-9393-267d740384e6,home,50,67,6,4,9,4,4,52,6,18,6,107,1,0,1,7,0,1,1,1,0,2026-02-22 00:33:12.43642+00,Szot United,true,0
8a135252-2ca2-4e7e-a9b1-ff4c2a66a7b2,away,51,70,3,4,6,4,4,47,8,17,1,89,2,8,9,3,1,2,0,3,0,2026-03-14 23:37:04.27836+00,Enigma,false,0
8a135252-2ca2-4e7e-a9b1-ff4c2a66a7b2,home,49,94,5,2,4,2,2,45,5,23,1,92,0,4,2,3,0,1,0,1,0,2026-03-14 23:37:04.27836+00,Cute Boys FC,true,0
8a635894-4640-48fc-83ca-cde13d0bfa4f,away,43,69,7,3,4,3,3,31,2,24,1,67,2,2,8,1,0,0,0,0,0,2026-02-28 23:24:18.318982+00,Leeds United FC,false,0
8a635894-4640-48fc-83ca-cde13d0bfa4f,home,57,109,6,2,5,3,3,41,8,13,6,69,3,0,4,2,0,1,0,1,0,2026-02-28 23:24:18.318982+00,Pau FC,true,0
8d932974-36e5-499d-b3fc-f203fe871e68,away,47,47,7,2,6,6,2,44,8,14,1,80,0,2,7,5,0,2,0,2,0,2026-02-24 22:46:30.068146+00,Velocita FC,false,0
8d932974-36e5-499d-b3fc-f203fe871e68,home,53,98,3,2,4,4,4,37,1,20,5,82,2,4,6,5,0,2,0,0,0,2026-02-24 22:46:30.068146+00,Jovel Union,true,0
8e1b1e1d-678e-453f-8fbe-0541e9c838b6,away,62,137,13,5,13,9,9,48,19,19,4,74,1,3,4,5,0,1,1,2,0,2026-03-01 23:24:50.624455+00,Jovel Union,false,0
8e1b1e1d-678e-453f-8fbe-0541e9c838b6,home,39,60,1,1,3,3,3,37,16,16,4,81,3,1,5,1,0,4,0,1,1,2026-03-01 23:24:50.624455+00,Wembley Guardians,true,0
8e79ed2a-1675-433b-b056-2e22b49a1ea7,away,53,63,7,4,9,5,5,49,1,37,5,96,1,6,6,3,0,0,0,0,0,2026-03-04 23:40:30.307767+00,Galatasaray SK,false,0
8e79ed2a-1675-433b-b056-2e22b49a1ea7,home,47,49,4,2,5,3,3,53,7,22,3,101,3,2,5,2,0,0,0,0,0,2026-03-04 23:40:30.307767+00,Bird of Hermes,true,0
8e89dfde-1951-4f87-b3ac-fe97515b64b0,away,59,111,7,1,7,3,3,44,5,29,5,94,0,2,11,5,0,0,0,1,0,2026-02-22 00:53:56.800121+00,Akatsuki,false,0
8e89dfde-1951-4f87-b3ac-fe97515b64b0,home,41,58,4,3,6,4,4,46,4,25,2,91,5,5,5,2,0,2,0,2,0,2026-02-22 00:53:56.800121+00,TarhanSpor,true,0
903eb009-729b-4dc9-8628-0ddc11e4690a,away,52,94,1,0,2,1,1,52,8,28,6,108,3,2,9,0,0,1,0,1,0,2026-02-22 17:36:17.479621+00,Cute Boys FC,false,0
903eb009-729b-4dc9-8628-0ddc11e4690a,home,48,65,10,3,11,4,4,54,4,38,4,107,2,5,5,2,0,1,0,0,0,2026-02-22 17:36:17.479621+00,Beşiktaş JK,true,0
936b3af2-659f-47c1-9849-014567e2c9db,away,57,95,5,2,5,3,3,52,10,10,3,80,0,0,7,3,1,0,0,0,0,2026-02-21 22:54:25.869693+00,Pau FC,false,0
936b3af2-659f-47c1-9849-014567e2c9db,home,43,59,5,2,7,3,3,44,4,20,0,78,1,3,4,5,0,1,0,1,0,2026-02-21 22:54:25.869693+00,Beşiktaş JK,true,0
942be935-cda0-4448-b296-746d7f4ebaa1,away,56,113,13,6,10,8,8,47,3,30,3,90,3,3,8,0,0,0,0,0,0,2026-02-21 22:05:24.869595+00,Las Noches,false,0
942be935-cda0-4448-b296-746d7f4ebaa1,home,45,71,10,5,7,6,6,56,13,16,7,95,2,3,5,2,0,1,0,1,0,2026-02-21 22:05:24.869595+00,SSKK Kołobrzeg,true,0
95b8e8b9-474e-42a6-9c24-d95be24cc798,away,50,88,4,2,3,2,2,52,6,16,3,89,5,0,3,0,0,0,0,0,0,2026-03-04 15:31:58.11793+00,Lisbon FC,false,0
95b8e8b9-474e-42a6-9c24-d95be24cc798,home,50,84,8,4,7,6,6,60,2,15,1,81,2,1,3,0,0,0,0,0,0,2026-03-04 15:31:58.11793+00,Las Noches,true,0
9645d22c-20ed-45d0-9137-e64d713f5e56,away,33,45,0,0,1,1,1,57,14,20,6,108,3,0,5,1,0,1,0,0,0,2026-03-12 19:12:21.855708+00,TarhanSpor,false,0
9645d22c-20ed-45d0-9137-e64d713f5e56,home,68,153,14,6,12,7,7,65,5,26,4,102,0,2,9,2,0,0,0,1,0,2026-03-12 19:12:21.855708+00,Jovel Union,true,0
96679945-9962-41a9-8996-d0d7d8aa8576,away,42,58,1,1,5,5,5,59,8,22,4,102,2,1,5,1,0,2,0,0,0,2026-03-14 23:26:58.574181+00,Sunderland AFC,false,0
96679945-9962-41a9-8996-d0d7d8aa8576,home,58,101,9,4,10,6,6,48,5,29,4,101,2,7,12,2,0,0,0,0,0,2026-03-14 23:26:58.574181+00,Las Noches,true,0
966ff932-1fdb-4b4e-aca5-982266095531,away,47,85,11,5,11,6,6,45,5,23,4,86,1,5,11,2,0,1,0,1,0,2026-03-04 23:56:21.181154+00,Zakrusa,false,0
966ff932-1fdb-4b4e-aca5-982266095531,home,53,82,8,3,8,5,5,51,6,21,11,86,1,3,2,1,0,2,1,2,0,2026-03-04 23:56:21.181154+00,VigiLant,true,0
969d4b1a-72d6-4a38-afd7-95b79012111b,away,54,83,8,3,8,6,6,52,6,23,2,89,4,1,6,2,2,0,2,0,0,2026-04-04 17:42:25.471108+00,Luton Town FC,false,0
969d4b1a-72d6-4a38-afd7-95b79012111b,home,46,66,2,2,5,3,3,55,5,20,1,90,2,1,6,2,0,0,2,0,0,2026-04-04 17:42:25.471108+00,Sabertooth,true,0
969da3d6-91f9-4945-9883-e5d6fef79f7e,away,49,69,3,1,4,1,1,49,3,17,2,98,1,5,5,0,0,1,0,1,0,2026-03-27 20:56:01.130814+00,Valhalla FC,false,0
969da3d6-91f9-4945-9883-e5d6fef79f7e,home,51,76,11,8,16,13,13,48,5,29,5,85,3,2,6,2,0,0,0,0,0,2026-03-27 20:56:01.130814+00,Leeds United FC,true,0
97cfc6ad-4345-41da-bc08-ba61ff173f22,away,41,52,0,0,3,1,1,57,6,30,6,116,3,3,4,2,0,1,0,1,0,2026-03-04 16:42:40.199642+00,Hamburger FC,false,0
97cfc6ad-4345-41da-bc08-ba61ff173f22,home,59,78,12,5,13,7,7,58,3,35,5,110,2,5,9,2,0,0,0,0,0,2026-03-04 16:42:40.199642+00,Bird of Hermes,true,0
9979e116-2b60-43f3-8ca3-a84c9011333c,away,56,72,11,7,14,10,10,69,5,28,1,109,2,4,9,6,1,1,0,1,0,2026-03-25 22:04:39.885651+00,Sabertooth,false,0
9979e116-2b60-43f3-8ca3-a84c9011333c,home,44,70,1,0,1,0,0,60,5,23,4,117,4,3,6,5,1,1,0,1,0,2026-03-25 22:04:39.885651+00,Northguards,true,0
9984f6db-d1dd-4773-af5d-a074b533afa9,away,53,79,3,2,2,2,2,54,6,17,4,90,4,2,2,0,0,1,0,0,0,2026-03-24 22:58:37.296571+00,Artemis FC,false,0
9984f6db-d1dd-4773-af5d-a074b533afa9,home,48,65,11,5,8,5,5,53,9,23,6,84,1,1,5,0,0,1,1,1,0,2026-03-24 22:58:37.296571+00,Zakrusa,true,0
9c077a4f-86a7-4f6f-81be-29dfccd25945,away,47,73,6,3,4,3,3,58,5,30,3,106,3,1,6,3,0,0,0,0,0,2026-03-16 12:53:36.608541+00,FP Sicilia 2019,false,0
9c077a4f-86a7-4f6f-81be-29dfccd25945,home,53,60,0,0,5,3,3,58,4,30,3,104,4,2,8,0,0,1,0,0,0,2026-03-16 12:53:36.608541+00,Celtic FC,true,0
9c91ff5c-842f-458a-9c53-2ed84a1df332,away,49,72,4,2,3,3,3,44,8,22,9,86,3,2,3,2,0,2,0,0,0,2026-02-21 19:49:06.518979+00,Borazanspor,false,0
9c91ff5c-842f-458a-9c53-2ed84a1df332,home,51,95,4,1,5,2,2,48,13,22,9,86,3,6,2,0,0,2,0,0,0,2026-02-21 19:49:06.518979+00,FP Sicilia 2019,true,0
9d555060-c941-4a81-9cc0-a96421e53960,away,53,71,8,3,12,8,8,56,7,31,5,104,2,6,4,3,1,1,0,1,0,2026-02-22 18:56:12.782919+00,Sabertooth,false,0
9d555060-c941-4a81-9cc0-a96421e53960,home,48,82,7,4,9,6,6,50,5,32,10,107,3,4,3,1,0,2,0,2,0,2026-02-22 18:56:12.782919+00,Rangers FC,true,0
9ebae063-6e29-4090-9089-3b4d6a762562,away,52,89,0,0,0,0,0,47,4,23,4,94,4,4,9,2,0,0,1,0,0,2026-02-28 20:20:30.836594+00,Rangers FC,false,0
9ebae063-6e29-4090-9089-3b4d6a762562,home,48,64,1,0,2,1,1,53,9,28,3,100,4,2,4,5,0,0,0,0,0,2026-02-28 20:20:30.836594+00,Akatsuki,true,0
9fb5210f-ba3c-4ce8-939f-630ee74c8530,away,59,116,13,4,11,4,4,55,1,29,2,98,2,6,5,4,0,1,0,0,0,2026-02-22 16:56:16.17228+00,Jovel Union,false,0
9fb5210f-ba3c-4ce8-939f-630ee74c8530,home,41,51,0,0,2,2,2,52,7,24,4,102,7,0,3,6,1,1,0,1,0,2026-02-22 16:56:16.17228+00,Celtic FC,true,0
a042e60b-4e76-4e2d-b675-e623342015e9,away,54,63,3,1,6,3,3,35,5,22,2,74,4,0,7,2,0,0,0,0,0,2026-04-01 23:40:24.597807+00,Enigma,false,0
a042e60b-4e76-4e2d-b675-e623342015e9,home,47,63,5,3,3,3,3,43,7,17,4,73,4,1,4,2,0,1,0,1,0,2026-04-01 23:40:24.597807+00,Aetherborn FC,true,0
a389375c-c845-47e4-9b22-9d0e6c825717,away,59,99,3,1,3,2,2,60,0,35,2,108,1,1,14,3,0,2,0,2,0,2026-03-29 21:58:03.849285+00,SSKK Kołobrzeg,false,0
a389375c-c845-47e4-9b22-9d0e6c825717,home,43,56,0,0,0,0,0,67,12,18,5,112,2,0,11,4,0,3,0,3,0,2026-03-29 21:58:03.849285+00,HD FC,true,0
a528cd85-95b8-44a2-99a1-3136b8b79028,away,55,70,5,2,7,4,4,49,2,29,5,106,5,3,5,1,0,0,0,2,0,2026-03-12 19:06:30.909412+00,Celtic FC,false,0
a528cd85-95b8-44a2-99a1-3136b8b79028,home,45,47,3,2,7,5,5,62,2,28,6,104,3,1,5,1,0,0,2,1,0,2026-03-12 19:06:30.909412+00,Sakaryaspor,true,0
a5e1b761-6950-4a8a-b0e0-f3186c782e3f,away,48,75,3,2,5,4,4,62,4,18,1,104,1,5,9,5,0,1,0,1,0,2026-02-22 17:22:46.923843+00,Wembley Guardians,false,0
a5e1b761-6950-4a8a-b0e0-f3186c782e3f,home,54,86,7,4,7,4,4,59,5,26,4,100,2,4,9,5,0,1,1,0,0,2026-02-22 17:22:46.923843+00,FC Roma,true,0
a884bc8c-846b-408b-8aad-935d57e5d4b2,away,53,81,6,2,7,3,3,56,4,17,3,88,4,2,9,2,0,1,0,1,0,2026-04-01 23:31:28.192391+00,Leeds United FC,false,0
a884bc8c-846b-408b-8aad-935d57e5d4b2,home,47,78,4,1,3,1,1,58,8,16,4,90,1,1,9,10,0,1,0,1,0,2026-04-01 23:31:28.192391+00,Artemis FC,true,0
a8d58d95-9a6f-4bdc-946d-bf0e886b91f3,away,53,103,7,3,8,3,3,37,4,34,7,91,3,1,4,3,0,1,0,0,0,2026-02-22 17:33:11.633042+00,Pau FC,false,0
a8d58d95-9a6f-4bdc-946d-bf0e886b91f3,home,48,57,4,3,7,6,6,43,8,25,5,89,4,6,10,2,0,2,0,1,0,2026-02-22 17:33:11.633042+00,Zakrusa,true,0
aa3ed2a6-4523-4d5a-8391-49ea142ecec7,away,51,94,8,4,7,5,5,39,6,21,2,87,3,6,7,2,0,3,0,0,0,2026-02-22 00:48:20.357942+00,Luton Town FC,false,0
aa3ed2a6-4523-4d5a-8391-49ea142ecec7,home,50,79,7,3,10,5,5,47,6,22,4,86,1,5,7,2,0,1,0,1,0,2026-02-22 00:48:20.357942+00,Sabertooth,true,0
aa5da3dc-1b24-41f5-ad94-4f8c074097df,away,55,97,5,4,6,6,6,42,12,17,2,71,1,1,4,3,0,0,0,2,0,2026-02-22 00:29:45.311996+00,Enigma,false,0
aa5da3dc-1b24-41f5-ad94-4f8c074097df,home,45,72,4,2,7,3,3,34,5,17,4,77,0,3,7,5,1,1,0,1,0,2026-02-22 00:29:45.311996+00,Aetherborn FC,true,0
aa6b105f-dcfd-4566-b425-f8fb731d261d,away,42,69,5,3,5,3,3,68,10,14,4,104,2,2,6,0,0,1,0,0,0,2026-03-29 22:21:51.174651+00,FP Sicilia 2019,false,0
aa6b105f-dcfd-4566-b425-f8fb731d261d,home,58,70,5,3,7,5,5,47,5,31,3,101,2,2,12,2,0,0,0,0,0,2026-03-29 22:21:51.174651+00,Velocita FC,true,0
abd745c1-125d-4d71-a194-f269c85641ad,away,55,86,9,5,18,9,8,53,6,25,5,61,7,1,10,5,1,1,2,2,0,2026-02-21 22:46:01.966723+00,Sabertooth,false,0
abd745c1-125d-4d71-a194-f269c85641ad,home,46,65,1,1,7,3,1,55,3,18,4,65,8,3,10,5,1,2,1,1,0,2026-02-21 22:46:01.966723+00,HD FC,true,0
af169fe2-4f76-471b-9980-f591536e47ba,away,44,62,8,4,5,4,4,75,9,15,2,105,2,4,8,2,0,0,0,0,0,2026-02-22 21:29:42.486046+00,Celtic FC,false,0
af169fe2-4f76-471b-9980-f591536e47ba,home,56,72,9,4,6,5,5,65,1,24,9,107,1,5,6,4,0,1,0,1,0,2026-02-22 21:29:42.486046+00,Velocita FC,true,0
af3074bb-7602-4288-85ad-ba48313688ed,away,46,78,3,0,6,1,1,44,3,21,1,78,1,0,3,1,0,0,0,0,0,2026-03-05 20:16:01.249335+00,Valhalla FC,false,0
af3074bb-7602-4288-85ad-ba48313688ed,home,56,83,7,4,6,4,4,40,6,16,2,74,1,3,9,5,0,1,0,0,0,2026-03-05 20:16:01.249335+00,Leeds United FC,true,0
af3cd055-d736-4041-b136-16c062ab0711,away,43,74,3,1,4,1,1,56,9,25,2,105,3,5,8,1,0,0,0,1,0,2026-02-24 00:40:50.089974+00,Stowarzyszenie Sportowe KołoKURW,false,0
af3cd055-d736-4041-b136-16c062ab0711,home,58,100,6,2,11,6,6,68,8,20,1,102,0,1,10,4,0,0,0,0,0,2026-02-24 00:40:50.089974+00,Akatsuki,true,0
b12e63c5-f068-4271-b8c4-e4981fd4f32b,away,46,74,6,4,5,4,4,51,12,19,4,104,4,3,10,1,0,2,0,1,0,2026-04-06 15:13:26.062077+00,Pau FC,false,0
b12e63c5-f068-4271-b8c4-e4981fd4f32b,home,55,68,5,2,7,4,4,54,3,29,1,102,2,6,13,2,0,2,0,2,0,2026-04-06 15:13:26.062077+00,MYTHRA,true,0
b29c9cea-c1f4-4e4a-a032-0604b583c54e,away,46,67,4,1,3,1,1,43,4,21,5,100,5,3,10,5,0,5,2,0,1,2026-03-27 20:51:24.464179+00,Mythra FC,false,0
b29c9cea-c1f4-4e4a-a032-0604b583c54e,home,55,91,11,5,8,6,6,44,5,28,6,92,0,5,5,2,0,0,1,1,0,2026-03-27 20:51:24.464179+00,Beşiktaş JK,true,0
b3166ebe-509a-4227-bd3b-7f67154daef8,away,52,49,2,1,9,7,7,68,7,25,0,107,1,5,4,4,0,2,2,2,0,2026-02-19 23:32:08.097175+00,Celtic FC,false,0
b3166ebe-509a-4227-bd3b-7f67154daef8,home,48,85,5,3,4,4,4,69,4,23,6,108,2,2,2,2,0,0,0,0,0,2026-02-19 23:32:08.097175+00,Szot United,true,0
b4ab71bf-5788-42b1-8cc9-9afe6046be72,away,46,56,6,3,5,3,3,53,9,15,0,91,4,1,3,0,0,1,0,1,0,2026-03-04 15:26:59.726824+00,Sakaryaspor,false,0
b4ab71bf-5788-42b1-8cc9-9afe6046be72,home,54,70,7,4,7,6,6,43,5,28,3,90,3,3,4,3,0,1,0,0,0,2026-03-04 15:26:59.726824+00,Aetherborn FC,true,0
b6366019-f2b9-4eb1-bed8-ab1f97e9fc2a,away,44,56,0,0,1,1,1,57,10,18,2,105,2,2,10,5,0,2,0,2,0,2026-03-31 11:44:49.147944+00,Artemis FC,false,0
b6366019-f2b9-4eb1-bed8-ab1f97e9fc2a,home,57,94,9,3,10,4,4,55,4,29,2,103,0,9,10,5,0,0,0,1,0,2026-03-31 11:44:49.147944+00,Leeds United FC,true,1
b7d72540-b4f9-42ee-9826-07485743e221,away,57,96,4,2,4,3,3,48,5,25,3,106,5,4,10,0,0,0,0,1,0,2026-03-04 18:46:25.952008+00,Wembley Guardians,false,0
b7d72540-b4f9-42ee-9826-07485743e221,home,44,51,5,2,10,5,5,68,9,21,3,101,4,1,6,4,0,1,0,2,0,2026-03-04 18:46:25.952008+00,Sakaryaspor,true,0
bb2a6cce-9adb-4966-9019-c60c30223c5d,away,39,44,8,3,6,4,3,57,8,25,8,112,1,0,15,10,0,0,1,0,0,2026-03-04 23:11:11.974058+00,Mythra FC,false,0
bb2a6cce-9adb-4966-9019-c60c30223c5d,home,61,114,22,1,6,3,1,63,6,22,6,115,1,2,13,7,0,1,1,0,0,2026-03-04 23:11:11.974058+00,Cute Boys FC,true,0
bb98c4ca-347f-4717-897d-28e84dfe4f05,away,63,60,0,0,4,3,3,49,26,26,10,94,3,2,7,2,0,1,0,1,0,2026-04-06 15:08:12.683642+00,Velocita FC,false,0
bb98c4ca-347f-4717-897d-28e84dfe4f05,home,37,44,1,1,2,1,1,49,11,16,5,97,2,4,3,2,0,1,0,0,0,2026-04-06 15:08:12.683642+00,Sakaryaspor,true,0
bdf70071-a6b5-455a-ac29-a7270e4d99c1,away,43,56,2,0,5,1,1,49,5,25,6,113,1,1,5,2,0,3,0,2,0,2026-02-22 00:42:47.801344+00,HD FC,false,0
bdf70071-a6b5-455a-ac29-a7270e4d99c1,home,59,127,30,14,27,17,17,59,3,30,2,98,3,3,7,2,1,0,0,1,0,2026-02-22 00:42:47.801344+00,Las Noches,true,0
bf353465-22d1-477a-9bfd-f92be23f1a74,away,46,82,4,2,5,4,4,59,4,19,0,92,4,1,7,2,0,2,0,0,0,2026-03-28 19:52:17.753078+00,Akatsuki,false,0
bf353465-22d1-477a-9bfd-f92be23f1a74,home,54,89,4,1,3,1,1,63,2,14,2,98,1,2,4,2,0,1,0,1,0,2026-03-28 19:52:17.753078+00,Sabertooth,true,0
c1a131da-7ae0-418e-b2bc-5e18f10ef846,away,46,67,3,2,4,3,3,55,9,28,3,100,0,7,6,2,0,0,0,0,0,2026-02-21 19:54:32.451928+00,Sunderland AFC,false,0
c1a131da-7ae0-418e-b2bc-5e18f10ef846,home,54,100,6,3,6,3,3,53,7,28,1,100,2,5,6,4,0,0,0,0,0,2026-02-21 19:54:32.451928+00,Akatsuki,true,0
c416b6b1-e861-4e17-9fa4-6e3ce6f30583,away,41,56,5,2,6,4,4,39,8,28,2,84,5,2,3,1,0,0,0,0,0,2026-03-31 23:42:59.437099+00,Akatsuki,false,0
c416b6b1-e861-4e17-9fa4-6e3ce6f30583,home,60,119,5,2,7,4,4,48,3,19,1,86,5,3,10,5,0,0,0,0,0,2026-03-31 23:42:59.437099+00,Jovel Union,true,0
c50de641-3fd9-4665-8082-ff2dbd1a575d,away,56,67,0,0,3,2,2,66,8,15,1,97,3,2,8,2,0,1,0,1,0,2026-03-26 19:20:29.493826+00,Stungard,false,0
c50de641-3fd9-4665-8082-ff2dbd1a575d,home,44,51,1,0,3,0,0,57,6,18,0,98,1,4,7,2,1,1,0,1,0,2026-03-26 19:20:29.493826+00,Velocita FC,true,0
c7ea04ac-0ba5-4f56-9238-81108668c79c,away,46,74,13,5,14,7,7,73,4,20,0,103,2,0,8,0,0,1,0,0,0,2026-02-23 00:13:34.368995+00,HD FC,false,0
c7ea04ac-0ba5-4f56-9238-81108668c79c,home,54,68,3,1,4,2,2,62,4,24,4,109,5,0,7,2,0,0,0,0,0,2026-02-23 00:13:34.368995+00,Northguards,true,0
c9ba28b1-f445-428d-b041-6e7b61018b4a,away,44,119,4,2,2,2,2,87,6,34,7,148,3,2,14,2,0,1,0,1,0,2026-03-04 18:45:00.879707+00,Valhalla FC,false,0
c9ba28b1-f445-428d-b041-6e7b61018b4a,home,56,144,3,1,3,1,1,79,8,43,1,148,1,1,19,1,0,0,0,0,0,2026-03-04 18:45:00.879707+00,VigiLant,true,0
c9f1f65c-447f-4feb-884a-a94175056eff,away,48,48,4,1,5,2,2,38,4,16,3,74,1,2,2,1,0,0,0,0,0,2026-03-12 19:07:05.076461+00,Velocita FC,false,0
c9f1f65c-447f-4feb-884a-a94175056eff,home,52,107,10,5,10,7,7,42,3,17,1,70,3,2,5,1,0,1,0,1,0,2026-03-12 19:07:05.076461+00,Jovel Union,true,0
cb57fcc2-0441-4887-be16-c9eba3e254c4,away,50,81,5,4,5,4,4,52,9,22,3,95,2,4,8,4,0,0,0,0,0,2026-02-24 22:56:08.918481+00,SSKK Kołobrzeg,false,0
cb57fcc2-0441-4887-be16-c9eba3e254c4,home,52,73,6,2,4,2,2,50,3,27,5,95,2,5,5,0,0,0,0,2,0,2026-02-24 22:56:08.918481+00,Rangers FC,true,0
cc07dde0-6fe6-46b6-8bb9-c36033d47a67,away,54,74,2,1,11,7,7,52,3,29,1,100,3,2,8,2,0,1,0,0,0,2026-03-05 00:00:08.185022+00,Artemis FC,false,0
cc07dde0-6fe6-46b6-8bb9-c36033d47a67,home,47,70,9,4,7,4,4,59,4,17,3,102,4,2,3,1,0,2,0,1,0,2026-03-05 00:00:08.185022+00,Sakaryaspor,true,0
cc86e074-4251-4460-a455-7b5ed0440383,away,43,61,2,1,2,1,1,56,8,11,1,90,1,5,6,1,0,1,0,1,0,2026-03-14 23:11:07.89395+00,Rangers FC,false,0
cc86e074-4251-4460-a455-7b5ed0440383,home,57,80,3,2,6,5,5,58,10,17,1,86,1,1,3,1,0,1,0,1,0,2026-03-14 23:11:07.89395+00,Luton Town FC,true,0
cdd6300a-1035-47b2-bd1e-ff704276065a,away,40,48,4,2,5,2,2,51,8,16,5,91,1,1,10,10,0,3,0,3,0,2026-03-01 23:22:37.545517+00,Los Angeles,false,0
cdd6300a-1035-47b2-bd1e-ff704276065a,home,60,87,8,3,7,4,4,53,4,24,6,88,2,1,5,5,0,1,0,1,0,2026-03-01 23:22:37.545517+00,Velocita FC,true,0
ce7a0527-bedf-4b38-8681-61e3765163b8,away,47,63,7,3,12,7,7,55,6,19,5,88,5,1,9,0,0,0,0,0,0,2026-03-07 22:07:28.553429+00,Sabertooth,false,0
ce7a0527-bedf-4b38-8681-61e3765163b8,home,53,72,7,3,6,4,4,49,5,20,2,95,1,3,12,3,0,2,0,2,0,2026-03-07 22:07:28.553429+00,Las Noches,true,0
cecb02f1-093d-4dc4-b93b-c7bcd6094eed,away,50,73,2,0,5,3,3,58,3,35,3,107,0,3,1,1,0,1,0,1,0,2026-04-04 22:01:06.45177+00,TarhanSpor,false,0
cecb02f1-093d-4dc4-b93b-c7bcd6094eed,home,50,70,0,0,2,1,1,54,15,33,14,110,2,3,6,2,0,3,1,3,0,2026-04-04 22:01:06.45177+00,HD FC,true,0
d0328a7e-f7ea-48b9-b73d-be69a020ddd5,away,42,58,6,2,7,4,4,70,5,16,3,96,1,1,5,5,0,1,0,0,0,2026-02-27 18:51:09.167482+00,Las Noches,false,0
d0328a7e-f7ea-48b9-b73d-be69a020ddd5,home,58,111,7,3,6,3,3,48,5,27,4,96,1,1,10,3,0,0,0,1,0,2026-02-27 18:51:09.167482+00,Luton Town FC,true,2
d0a713a5-2b3d-471c-bcc9-77d95e8b2297,away,57,97,0,0,2,2,2,62,1,36,2,117,3,5,4,0,0,0,0,0,0,2026-03-04 19:03:33.71138+00,Pepar FC,false,0
d0a713a5-2b3d-471c-bcc9-77d95e8b2297,home,44,71,6,2,8,3,3,58,5,33,13,118,2,0,6,0,0,1,0,1,0,2026-03-04 19:03:33.71138+00,Sunderland AFC,true,0
d3ce4933-1f9d-469d-8eb7-74a82c07c65a,away,57,78,2,1,2,1,1,33,5,21,3,72,4,5,3,0,0,0,0,0,0,2026-02-22 15:55:02.177338+00,Evriyon,false,0
d3ce4933-1f9d-469d-8eb7-74a82c07c65a,home,43,67,6,3,5,4,4,46,9,17,4,70,3,1,4,4,0,0,0,0,0,2026-02-22 15:55:02.177338+00,Beşiktaş JK,true,0
d4121c45-2bb5-4a6c-b466-9c1b46c9926b,away,45,58,1,1,3,2,2,61,5,21,5,107,3,2,11,2,0,1,0,0,0,2026-03-05 20:18:34.660723+00,SSKK Kołobrzeg,false,0
d4121c45-2bb5-4a6c-b466-9c1b46c9926b,home,55,80,3,1,5,2,2,58,6,29,4,108,2,4,7,2,0,1,0,0,0,2026-03-05 20:18:34.660723+00,Luton Town FC,true,1
d481be93-d74a-43ce-bbe7-95d0aa9a39a4,away,43,52,6,3,7,5,5,50,7,18,1,89,3,6,3,2,0,0,0,1,0,2026-03-04 16:53:29.066867+00,Mythra FC,false,0
d481be93-d74a-43ce-bbe7-95d0aa9a39a4,home,57,138,9,4,5,4,4,49,2,21,0,91,0,3,9,6,0,1,0,1,0,2026-03-04 16:53:29.066867+00,Jovel Union,true,0
d4e7a754-66c8-49f3-bd35-5f7cf6e242f7,away,49,73,6,4,6,5,5,47,3,26,4,93,3,2,9,3,0,1,0,0,0,2026-02-27 21:09:14.55488+00,Artemis FC,false,0
d4e7a754-66c8-49f3-bd35-5f7cf6e242f7,home,52,92,8,3,8,5,5,52,5,26,2,92,1,2,5,3,0,2,0,0,0,2026-02-27 21:09:14.55488+00,Valhalla FC,true,1
d533abed-9a2c-4dac-a340-75e4c2896ddc,away,57,68,4,2,4,2,2,53,0,23,0,89,2,3,3,2,0,0,0,0,0,2026-02-26 19:23:23.345939+00,Evriyon,false,0
d533abed-9a2c-4dac-a340-75e4c2896ddc,home,43,41,2,1,7,4,4,61,6,22,3,87,0,0,3,1,0,1,0,1,0,2026-02-26 19:23:23.345939+00,VigiLant,true,0
d5d5138d-de03-4972-b4f1-9de954d36bf3,away,49,63,1,0,1,0,0,42,6,20,4,85,0,1,1,1,0,1,0,0,0,2026-03-04 18:57:08.195628+00,Evriyon,false,0
d5d5138d-de03-4972-b4f1-9de954d36bf3,home,51,71,14,7,12,9,9,50,9,25,7,80,0,3,4,1,0,0,1,1,0,2026-03-04 18:57:08.195628+00,Aetherborn FC,true,0
d8baedc9-6fe1-4b07-bc28-13e84fd327e8,away,50,80,9,4,9,6,6,50,5,19,2,87,1,7,11,2,0,1,0,2,0,2026-02-21 22:06:58.394522+00,Luton Town FC,false,0
d8baedc9-6fe1-4b07-bc28-13e84fd327e8,home,50,83,0,0,3,1,1,46,11,23,5,93,6,2,5,5,0,0,0,0,0,2026-02-21 22:06:58.394522+00,VigiLant,true,1
d902cc3e-9621-4ac3-8ab6-324cafa40d0e,away,53,67,2,1,5,3,3,46,2,37,9,108,3,4,12,3,0,1,0,0,0,2026-02-22 17:01:08.918449+00,Regard FC,false,0
d902cc3e-9621-4ac3-8ab6-324cafa40d0e,home,47,70,7,4,9,6,6,58,2,21,3,106,5,4,5,2,0,1,0,0,0,2026-02-22 17:01:08.918449+00,Sunderland AFC,true,0
da6c35e2-db8d-47e5-b4de-c111b81cb2ba,away,56,84,9,4,7,4,4,48,2,20,10,87,1,11,7,3,0,3,0,1,0,2026-02-28 23:22:11.433104+00,Zakrusa,false,0
da6c35e2-db8d-47e5-b4de-c111b81cb2ba,home,44,86,2,1,2,1,1,56,13,12,7,88,2,1,5,7,0,2,0,0,0,2026-02-28 23:22:11.433104+00,Cute Boys FC,true,0
dab2044c-3318-4435-be59-abaca40b98ce,away,55,95,2,1,4,3,3,48,6,25,4,91,3,1,9,4,0,1,0,0,0,2026-02-25 21:36:43.528706+00,,,
dab2044c-3318-4435-be59-abaca40b98ce,home,45,66,1,1,6,4,4,58,2,15,4,90,1,6,7,4,0,0,0,0,0,2026-02-25 21:36:43.528706+00,,,
dc43a3a3-3675-486c-b513-6c25561df2b3,away,50,86,0,0,1,1,1,42,6,23,5,104,6,4,10,1,0,0,0,0,0,2026-03-14 23:37:51.793851+00,Aetherborn FC,false,0
dc43a3a3-3675-486c-b513-6c25561df2b3,home,50,77,4,0,6,1,1,49,5,31,5,104,1,4,8,0,0,0,0,1,0,2026-03-14 23:37:51.793851+00,Beşiktaş JK,true,0
dd451b1a-195b-4e85-9b69-f90977df3315,away,46,65,8,1,9,2,2,41,4,16,4,77,4,3,3,3,0,2,0,1,0,2026-03-04 23:15:05.982534+00,Sakaryaspor,false,0
dd451b1a-195b-4e85-9b69-f90977df3315,home,54,82,8,4,8,5,5,34,0,22,1,73,4,4,8,4,0,1,0,0,0,2026-03-04 23:15:05.982534+00,Artemis FC,true,0
dd61a6cd-11ed-4607-a6e8-204b5dc91a0b,away,53,89,4,3,3,3,3,43,2,30,3,91,4,2,12,7,0,0,2,1,0,2026-04-06 15:11:54.108172+00,FC Roma,false,0
dd61a6cd-11ed-4607-a6e8-204b5dc91a0b,home,48,58,1,1,3,2,2,54,5,25,2,92,0,4,6,6,0,0,0,0,0,2026-04-06 15:11:54.108172+00,Celtic FC,true,0
e219c960-af1f-4a58-a12c-d0daee60b113,away,52,89,8,4,6,4,4,46,2,16,4,74,0,4,2,1,0,0,0,1,0,2026-02-25 21:17:13.438741+00,Las Noches,false,0
e219c960-af1f-4a58-a12c-d0daee60b113,home,48,75,6,2,8,4,4,37,2,29,5,74,2,3,2,0,0,2,0,3,0,2026-02-25 21:17:13.438741+00,Zakrusa,true,0
e238afb1-f176-4c3c-9799-04419fd68442,away,44,71,3,1,4,2,2,38,9,16,6,83,6,3,4,7,0,2,0,2,0,2026-03-27 20:46:47.89682+00,Artemis FC,false,0
e238afb1-f176-4c3c-9799-04419fd68442,home,56,59,14,8,13,9,9,40,5,24,1,74,1,4,7,2,0,1,0,1,0,2026-03-27 20:46:47.89682+00,Enigma,true,0
e291b4b8-83c8-4eef-b949-779661d8cddb,away,53,85,14,7,10,7,7,50,13,15,2,84,1,4,3,3,0,0,0,0,0,2026-04-04 18:16:46.451967+00,Artemis FC,false,0
e291b4b8-83c8-4eef-b949-779661d8cddb,home,47,71,6,4,9,6,6,37,5,25,3,84,0,1,8,3,0,1,1,1,0,2026-04-04 18:16:46.451967+00,Beşiktaş JK,true,0
e2968204-66aa-4398-ab70-2d0a9e38e96f,away,48,74,5,3,4,4,4,53,3,21,4,103,6,7,9,2,0,1,0,0,0,2026-03-29 21:39:29.965148+00,Celtic FC,false,0
e2968204-66aa-4398-ab70-2d0a9e38e96f,home,54,83,7,5,6,5,5,54,7,20,2,103,5,2,8,4,0,0,0,0,0,2026-03-29 21:39:29.965148+00,Galatasaray SK,true,0
e3d451db-b1c0-4460-83c4-249e1b68ca3d,away,49,58,1,0,1,0,0,62,1,29,5,118,2,9,10,2,0,0,2,1,0,2026-03-04 15:39:07.391291+00,Mythra FC,false,0
e3d451db-b1c0-4460-83c4-249e1b68ca3d,home,51,79,4,2,6,4,4,63,13,22,5,116,3,2,8,3,0,0,2,2,0,2026-03-04 15:39:07.391291+00,Valhalla FC,true,0
e42089f9-8c6d-4a12-93bc-419e27508e93,away,41,50,6,3,14,7,7,70,8,30,3,113,0,4,5,7,2,2,0,2,0,2026-02-24 22:42:50.504507+00,TarhanSpor,false,0
e42089f9-8c6d-4a12-93bc-419e27508e93,home,59,82,6,3,4,3,3,64,5,18,2,116,5,5,7,5,0,1,1,0,0,2026-02-24 22:42:50.504507+00,Northguards,true,0
e44ee7a8-c08c-4119-8819-ab69cc9f04d5,away,47,73,4,2,5,3,3,38,8,9,2,71,4,3,4,1,0,2,0,2,0,2026-03-24 22:57:32.802403+00,Pau FC,false,0
e44ee7a8-c08c-4119-8819-ab69cc9f04d5,home,54,78,15,6,15,7,7,40,9,17,4,65,2,3,5,3,0,1,0,1,0,2026-03-24 22:57:32.802403+00,Enigma,true,0
e6f40c02-6804-4e66-a9c8-50d2276ac58d,away,43,54,6,4,7,6,6,86,8,16,2,116,2,3,2,2,0,0,2,0,0,2026-03-04 19:05:20.646609+00,Mythra FC,false,0
e6f40c02-6804-4e66-a9c8-50d2276ac58d,home,57,93,2,2,2,2,2,49,4,27,6,119,6,7,21,1,0,2,0,0,0,2026-03-04 19:05:20.646609+00,Borazanspor,true,0
e8107f28-482d-4b84-b7f8-7f641854eea2,away,47,69,4,1,5,2,2,58,6,18,3,98,2,3,9,2,0,0,1,1,0,2026-03-04 15:36:12.080937+00,Sabertooth,false,0
e8107f28-482d-4b84-b7f8-7f641854eea2,home,54,103,8,4,7,6,6,56,3,24,4,93,1,2,11,2,0,1,0,1,0,2026-03-04 15:36:12.080937+00,Cute Boys FC,true,0
e85ac23f-f54f-4bdb-afe1-3bc389181dce,away,57,74,6,4,4,4,4,49,10,18,3,94,6,2,9,2,0,1,0,0,0,2026-03-07 22:10:19.962083+00,Leeds United FC,false,0
e85ac23f-f54f-4bdb-afe1-3bc389181dce,home,44,61,0,0,2,1,1,49,6,30,6,95,3,3,5,1,0,1,0,1,0,2026-03-07 22:10:19.962083+00,Beşiktaş JK,true,0
e8e1ad7a-9b6c-447f-8ae2-3e9bca2471d8,away,55,80,15,6,14,8,8,36,2,25,0,72,1,1,4,2,0,0,0,0,0,2026-02-22 15:50:45.639505+00,Enigma,false,0
e8e1ad7a-9b6c-447f-8ae2-3e9bca2471d8,home,45,81,6,3,5,4,4,35,6,14,2,78,5,1,5,1,0,0,0,0,0,2026-02-22 15:50:45.639505+00,Valhalla FC,true,0
ea42849b-ebe9-44d2-abab-50b5b37066e9,away,49,64,2,0,4,2,2,29,4,37,5,95,1,1,16,2,0,0,1,2,0,2026-02-22 15:47:46.71477+00,Aetherborn FC,false,0
ea42849b-ebe9-44d2-abab-50b5b37066e9,home,52,92,7,3,4,3,3,58,10,21,3,93,3,3,10,5,0,1,0,1,0,2026-02-22 15:47:46.71477+00,Cute Boys FC,true,0
ec8b7000-a6be-4c00-8f26-4f0908e9b644,away,48,77,7,5,7,5,5,63,6,17,3,111,5,1,8,1,0,0,0,0,0,2026-03-26 19:21:27.541344+00,Celtic FC,false,0
ec8b7000-a6be-4c00-8f26-4f0908e9b644,home,52,80,11,7,16,12,12,59,0,37,1,106,2,4,8,2,0,1,0,1,0,2026-03-26 19:21:27.541344+00,Wembley Guardians,true,0
f036e1d9-d9e3-4c00-b06b-58a8a371a7fa,away,48,88,5,3,4,3,3,56,8,15,4,94,3,3,7,3,0,2,0,1,0,2026-03-04 15:30:47.24748+00,Artemis FC,false,1
f036e1d9-d9e3-4c00-b06b-58a8a371a7fa,home,53,79,12,7,9,8,8,49,0,22,3,88,3,6,9,3,0,1,0,0,0,2026-03-04 15:30:47.24748+00,Valientes GANG,true,0
f1cc935e-04d6-4afa-bf03-5acd54d2d70f,away,54,111,2,1,2,1,1,47,7,21,1,88,3,2,4,1,0,0,0,0,0,2026-03-27 15:08:40.60422+00,FC Roma,false,0
f1cc935e-04d6-4afa-bf03-5acd54d2d70f,home,47,65,9,4,11,6,6,42,3,24,3,83,1,4,10,0,0,0,0,0,0,2026-03-27 15:08:40.60422+00,Borazanspor,true,0
f4186cb0-c5c5-4eab-a111-975f4faec123,away,47,71,5,2,6,4,4,58,3,30,3,109,2,4,8,0,0,1,1,1,0,2026-02-21 19:51:54.512566+00,Valientes GANG,false,0
f4186cb0-c5c5-4eab-a111-975f4faec123,home,53,102,5,3,7,5,5,58,5,28,10,111,0,3,15,4,0,0,2,0,0,2026-02-21 19:51:54.512566+00,Cute Boys FC,true,0
f65065fd-bccf-4b69-98b7-20c1b2a72c5d,away,48,68,14,5,18,9,9,60,3,20,3,98,0,3,9,7,0,1,0,1,0,2026-04-01 23:29:42.877456+00,Beşiktaş JK,false,0
f65065fd-bccf-4b69-98b7-20c1b2a72c5d,home,53,82,3,1,2,1,1,46,11,19,3,101,0,0,10,2,0,3,0,1,0,2026-04-01 23:29:42.877456+00,VigiLant,true,0
f7d5c865-66f8-488b-a41f-f8e5af88fff3,away,50,59,3,1,7,4,4,63,2,30,2,114,5,2,2,2,0,1,0,0,0,2026-02-23 00:24:43.283912+00,Galatasaray SK,false,0
f7d5c865-66f8-488b-a41f-f8e5af88fff3,home,50,76,8,4,11,7,7,74,11,22,1,115,3,4,4,4,0,2,0,0,0,2026-02-23 00:24:43.283912+00,Wembley Guardians,true,0
f92c7905-35af-44c9-a2e3-6b898b1bacbd,away,52,67,1,2,4,3,3,46,2,29,5,64,2,3,10,5,0,6,3,2,0,2026-03-23 00:04:16.065024+00,Artemis FC,false,0
f92c7905-35af-44c9-a2e3-6b898b1bacbd,home,50,64,2,2,4,2,2,43,3,30,6,82,1,5,9,6,0,7,2,1,0,2026-03-23 00:04:16.065024+00,Akatsuki,true,0
fbe24f62-3c42-4baa-9fe9-c27e46e66f2d,away,51,79,6,3,7,3,3,48,11,18,4,88,1,6,7,1,0,0,0,0,0,2026-03-04 18:48:21.456334+00,Artemis FC,false,0
fbe24f62-3c42-4baa-9fe9-c27e46e66f2d,home,49,70,2,0,3,1,1,37,4,28,4,91,1,6,5,1,0,0,0,0,0,2026-03-04 18:48:21.456334+00,Lisbon FC,true,0
fc752d5c-b2de-4dda-9206-3ab50dde0de9,away,53,69,3,1,8,6,6,56,3,34,0,101,2,4,8,2,0,0,0,0,0,2026-02-22 17:47:56.848783+00,Luton Town FC,false,0
fc752d5c-b2de-4dda-9206-3ab50dde0de9,home,47,88,3,2,4,3,3,67,13,19,4,104,3,1,5,2,0,0,0,0,0,2026-02-22 17:47:56.848783+00,Akatsuki,true,0