id,handle,created_at,game_user_id,name,discord_id
00521f1a-5d0f-4ef4-adec-69d95c103a64,Cxv76QBK,2026-03-12 19:09:17.65872+00,Cxv76QBK,Enes,
00d95f21-b5ea-41c4-8871-8d8530c5b9f3,4OOidDzr,2026-02-19 23:11:17.774012+00,4OOidDzr,RENI,
0149da01-4684-4fd2-bfaa-67f7deeff4ab,ayzzx,2026-02-20 00:03:33.282786+00,R1Wsjx0o,ayzzx,650697662370414617
01cf41f4-3a8e-4aee-a65e-92019f16f77a,JjEhueBq,2026-03-04 15:10:52.348445+00,JjEhueBq,Daft wee Dafty,
01ece89d-d51d-436a-bb31-503f0743d6d3,xHOdvqlu,2026-02-22 00:53:57.315531+00,xHOdvqlu,KKK,
03551b59-3641-4782-8d14-0e6b61f73f2f,9ucRrrsd,2026-02-19 23:32:09.355832+00,9ucRrrsd,darvus.,
046899fd-0bde-4075-ba8d-0941f433ad3d,qFexPhtD,2026-02-25 21:22:27.10683+00,qFexPhtD,fuchsia,
04d5a6ba-608c-4a00-86c8-f374369d89bb,Ryyexf93,2026-02-19 22:28:26.2484+00,Ryyexf93,ragon the machine,
0570d1ed-7ffc-416d-8fae-caa701f920e3,bLSFlQoO,2026-02-22 17:18:21.693568+00,bLSFlQoO,darkvidel,
058a7596-9774-443f-993a-4b755ffe4f3a,xMQTvnFe,2026-02-21 19:49:07.200608+00,xMQTvnFe,justscored,
05b15568-4bb8-4b6e-93b0-5d41a269bb8f,2t7s4JkV,2026-02-22 00:48:20.757055+00,2t7s4JkV,franz,
073e2660-b71a-44a8-8576-ad70594cbc97,UKNvSD7L,2026-03-14 23:35:02.481462+00,UKNvSD7L,Chilled,
0744d477-72e9-4df3-a7e8-5e4c2b44314b,ZuVe57Ij,2026-02-22 17:01:09.537447+00,ZuVe57Ij,Champi ツ,
0746d0f5-0686-4fb4-919d-aa3379bd8e93,cXN9CxsJ,2026-03-04 16:42:40.900421+00,cXN9CxsJ,kunigami,
08bf68b8-e774-4a56-bfc9-4c1e6066490b,nZ2lmdo2,2026-02-19 23:32:09.181427+00,nZ2Imdo2,Rickk,
08c3487b-eef4-4ae5-a1c1-3506e1e01bb8,DE4lzeS2,2026-03-04 16:42:40.640368+00,DE4lzeS2,relyon,
094407eb-e583-47f9-8060-5160a7dfab50,eUJ0QoZc,2026-02-21 22:08:52.753954+00,eUJ0QoZc,btoky,
096da32a-44f3-4780-ab78-1cecebab6fa6,SYTgV2uw,2026-02-21 19:51:55.096846+00,SYTgV2uw,FARSHOOT,
0a6ad410-3fc1-4282-bb1b-4414efff1994,85l318Mv,2026-04-04 18:03:39.035274+00,85l318Mv,Eyzord,
0afc2696-c043-405f-bbe5-cd3fabbdba0b,rYTewHn0,2026-02-18 23:24:50.409374+00,rYTewHn0,urhi,
0b126a1d-4730-4cc6-83ef-1e8ce0c6a1cd,2RZ9xWIl,2026-02-22 17:01:09.715708+00,2RZ9xWIl,Ellie,
0b8a523f-e03a-4ffe-9298-5082d52108cd,I1J4Ex4p,2026-02-22 00:53:57.786366+00,I1J4Ex4p,KRONUS,
0d100302-039c-488b-bf0c-1347f76879f5,aLZNUphN,2026-02-22 00:53:57.379491+00,aLZNUphN,pawdex,
0da92a73-1862-4942-a3e7-845de730c89d,rkNNLlkI,2026-03-26 19:36:12.823629+00,rkNNLlkI,osawa,
0dd49f0b-f99d-4b20-8f47-8c6b62139b98,fyji37m9,2026-02-18 11:48:34.340883+00,fyji37m9,Szymi,
0e1f2bd6-7b36-4abb-962b-cedc9effea35,xSrlfVdM,2026-03-16 12:57:43.58905+00,xSrlfVdM,GreenTosbaga,
0e78d1b7-00f9-4360-9a81-0de67218e455,0f9MmD4G,2026-02-22 18:56:13.255378+00,0f9MmD4G,T-Bag,
0e8fc023-d83d-4463-9706-3b8a5b9cb97d,JHHgXPv0,2026-03-27 20:49:30.466746+00,JHHgXPv0,L.U.C.A.,
0f810a4b-07df-49e9-a69c-e285f67c56c1,c9uNxllA,2026-02-19 23:11:17.913406+00,c9uNxllA,Justin_fishing7626,
101b3f9c-1167-4c49-a9c8-7361e58edf1e,HU9CdTYq,2026-02-21 22:46:02.932318+00,HU9CdTYq,Hyeon-Gyu Oh,
108dec49-4bac-4df2-8355-655c6c333c49,4zjpbvXa,2026-03-24 22:58:38.625823+00,4zjpbvXa,kabo,
111fdb75-e8eb-418e-b83b-52b005e7cee4,GPI3MB5c,2026-02-21 22:37:50.146195+00,GPI3MB5c,sadribullet,
11b9e702-95bd-466f-a980-cac33251fff6,y8JNNfp0,2026-02-22 20:43:02.859532+00,y8JNNfp0,Kyrox,
13500732-dfbf-4237-9344-3c6aae572dc1,LyDxXrrz,2026-02-20 00:03:33.398932+00,LyDxXrrz,wojteq,
135e3d6f-f056-44ad-88e1-163fe0033028,g2UHl9xg,2026-04-06 15:08:14.077941+00,g2UHl9xg,fester abdü,
136f7943-c243-4d8f-a269-2793bf9aeaed,RBmLEEvQ,2026-02-18 23:24:50.531191+00,RBmLEEvQ,Jayfex Tek,
13bb6995-1085-4aa5-b29a-8a5e3126aabd,kqffk0iu,2026-03-03 20:20:26.498527+00,kqffk0iu,eskileri özlüyorum,
13d262ff-7af4-417b-88d1-3818693781ad,1PoNG53s,2026-02-22 00:36:30.696873+00,1PoNG53s,svN,
142a5453-eab4-4527-8d47-ded3dbadcce3,BMp87OmM,2026-02-22 17:47:57.489361+00,BMp87OmM,Lucio,
142fdaa8-7590-4ee3-9189-3bfaa55be1f4,syZVlKKM,2026-02-25 21:25:59.94137+00,syZVlKKM,nanagdihodi,
16035b5a-d273-4398-af43-dbb9f5fbd632,TU35Vtbr,2026-02-22 15:39:00.790076+00,TU35Vtbr,ctLax,
16673a6f-4943-4c75-afd3-c0f86b70d525,8sEseAmP,2026-02-22 15:50:46.077626+00,8sEseAmP,Hara,
16be98a3-38b7-43cb-a21f-818d25515684,QiTQ2avw,2026-02-19 22:38:36.45253+00,QiTQ2avw,Gaufrette,234614153023717376
175e33f3-010c-42f6-85b3-f78bae479455,DzB1rWiD,2026-02-21 22:06:58.857231+00,DzB1rWiD,QUEXY,
17a87d78-36e2-4c98-8aa5-1389850fcb91,e6ScnBgH,2026-02-21 22:05:25.52658+00,e6ScnBgH,karasu,555003542117810177
17b7048c-b910-4f56-a64a-d398221dd63a,a8spjAL1,2026-02-22 00:53:57.496483+00,a8spjAL1,Sweuxx,
18705b90-e5c8-4cc2-98fb-902cb958d376,Fbnufe1H,2026-02-19 22:38:36.731116+00,Fbnufe1H,Mirtimo,
18e370bf-57fc-4db6-9f3e-75d67c9dff3f,H8n6l30c,2026-02-19 23:32:09.235166+00,H8n6l30c,évanscan.,
198dbb32-0459-4132-9062-de77204c0fa8,EBGbwP0u,2026-03-01 23:31:09.625767+00,EBGbwP0u,özil,
19a503d9-0de9-42d4-965e-230c4772a949,M1dHLsUS,2026-02-19 23:32:08.995361+00,M1dHLsUS,Rac,
19fc78b0-3311-42e2-ab04-d8e7c0b37bab,oxxjnZFH,2026-02-19 22:38:36.856865+00,oxxjnZFH,EdisKangal,
1ac6fb72-3cf6-4bdc-9ce6-52d192ac0ed4,ZQOt1WJJj,2026-02-23 00:24:43.910419+00,ZQOt1WJJj,IsueReDeath.,
1b16f329-da48-4e29-bc1d-cf225c278e2e,uZktm22p,2026-02-19 23:35:45.660672+00,uZktm22p,WON_LIGHT,
1b6d3171-08d4-4efe-a7c0-0cc04c3cfcbf,AIhcxRUQ,2026-02-21 22:46:02.396346+00,AIhcxRUQ,Clown,
1c7e1afb-48d5-4a56-abe2-239960d81e04,NTAPSRpE,2026-02-20 00:03:33.689499+00,NTAPSRpE,gazza,
1d892e60-2c3b-4939-98eb-5974a29d7959,VSIKLqkT,2026-03-04 15:16:32.024792+00,VSIKLqkT,charliexd!!!,
1edf05db-5be5-4d77-901f-e8988c7fe8a2,GH3QGASJ,2026-03-04 19:02:08.507329+00,GH3QGASJ,Manu 17,
1ef81557-4610-448a-9114-a54e57e308e9,ZQWjJVul,2026-02-21 22:57:48.074643+00,ZQWjJVul,aditxu,
1f191cd8-e475-4e39-aa4c-4eed8c0cfb33,CwXXcTPH,2026-03-04 15:34:31.301896+00,CwXXcTPH,H3NR1JS,
1f3d2c25-37aa-41cf-86e9-6afd067b2847,1PdVlY1v,2026-02-22 16:57:30.586615+00,1PdVlY1v,Kermit,
1f708314-80a8-45db-98ca-9a9170cac68e,GIG2L351,2026-03-04 19:02:08.389124+00,GIG2L351,Soul Mortal,
1fba72d3-2686-40a2-8a95-841fa23d8122,slbSQVxl,2026-02-19 23:35:46.031673+00,slbSQVxl,fEAST0,
1fc1fc80-4a6f-48d6-9f78-36704a1d26d6,D2qbcPYi,2026-02-22 00:24:57.38624+00,D2qbcPYi,S E Y F O,
2000e422-67b4-4331-b13c-235b87c5f18d,bHqTKSNj,2026-02-19 23:02:02.055561+00,bHqTKSNj,Qosay.,
2003feaa-1897-4a5a-8e1b-a4012896a3b1,hPvPAdlz,2026-02-22 17:47:57.432352+00,hPvPAdlz,omdazhere,
2056400f-c5ac-483d-abe5-5fe710f8cb7a,gTqGxzxa,2026-02-21 22:57:48.230319+00,gTqGxzxa,Ryusei Shidou,
21008920-5626-4f22-ba9c-aa71203b027e,8yZtTCXf,2026-02-21 22:08:52.852278+00,8yZtTCXf,Wolfi,
21a45e6a-a10f-4773-978b-75d0f39cdeb4,wbsJhFmz,2026-02-19 23:11:18.418746+00,wbsJhFmz,LISANDRO,
21be9337-e89b-4e27-bab7-ab6c2e736d39,bZm6bUAf,2026-02-24 22:52:34.873516+00,bZm6bUAf,ULTRAS FP SICILIA,
21c5c593-bdf6-472f-8a91-8f2a1753774d,pDghSZgt,2026-02-21 22:46:02.326901+00,pDghSZgt,Ice_Spirit,
21c61bd1-10fd-4974-9031-a18bd5e6520f,GrDJ5MCZ,2026-02-19 23:35:45.980832+00,GrDJ5MCZ,Prezzo,
21dd894a-7f63-494f-94b4-1ba66091938d,jSuCQmlr,2026-02-21 22:59:34.322834+00,jSuCQmlr,nico.,
227babbe-6fea-43f5-b595-e567b074634b,LJe3Nkxk,2026-02-22 17:03:28.506054+00,LJe3Nkxk,frostis,
22a00cf1-055e-4934-b2a5-f7ba709509c7,ti9N5bUM,2026-02-22 00:53:57.614254+00,ti9N5bUM,PUKO,
23cee907-11ae-4bba-9c6d-c24835fcd3bf,VEqyU278,2026-02-25 21:26:00.064408+00,VEqyU278,nightmare,
23ead12c-77ac-4e35-bc74-5f690af34010,XVz5ivx1,2026-02-21 22:57:48.026624+00,XVz5ivx1,vini,
25585696-f9d7-40ac-908a-14527ff9af38,nzFrzF5h,2026-03-05 20:18:35.164083+00,nzFrzF5h,Rafaaaj,
25985582-fc6c-47d2-8217-cdbc86b8d589,OTTlwHD7,2026-03-23 00:04:17.982171+00,OTTlwHD7,felix,
25a06b48-7632-429a-b266-8efc76272eb9,40JHW03y,2026-02-20 00:03:33.746928+00,40JHW03y,TwinzY,
264c1bcc-8540-465a-a94b-2537e22ae37b,8gKMgfnq,2026-02-19 23:27:03.614741+00,8gKMgfnq,DJ Suppa,
267e7545-8b57-436c-baec-15cfff96e115,6PHdF4jv,2026-03-14 23:13:21.57574+00,6PHdF4jv,Vaginson Summerville,
26c6fd97-a374-4786-8561-634c81de2b57,EVl8aKzI,2026-02-21 19:49:07.022914+00,EVl8aKzI,tYler,
2716c997-16df-40c1-a16b-1711eb76cd07,CSZRKQr8,2026-02-24 00:35:24.570402+00,CSZRKQr8,thorgan,
275e8362-7767-4a8d-b923-5c9a17351908,J0rvwEhE,2026-02-21 22:08:52.655321+00,J0rvwEhE,mendes,
278c08a8-f3d7-4e8a-a689-4f709d23a10b,vpcHnm0F,2026-03-04 16:42:40.691565+00,vpcHnm0F,Sansarsalvo34,
279bffcc-da78-4ad5-8a31-b0469a61a000,8TCMPpTD,2026-02-25 21:26:00.127395+00,8TCMPpTD,csabee,
28665e99-bf57-4d6f-9303-8f24750764c5,z3SC6pdA,2026-02-21 22:08:53.147737+00,z3SC6pdA,chip お,
2a06d573-a6e1-4fbf-b675-267d49df828a,tplbrodf,2026-02-22 00:45:28.22384+00,tplbrodf,Chapo,
2a7d62cf-c73a-46f0-a85b-13ef59a02ef7,92Cyhk7w,2026-03-16 12:57:43.321622+00,92Cyhk7w,T. Blufore,
2aa78263-64f9-47ab-af2d-522f7a0bcf5e,4CaoatLc,2026-02-21 22:08:52.607911+00,4CaoatLc,hmx,
2ac4ccc7-723b-42fd-bc24-40c74823387a,qHRdgBl8,2026-02-19 23:42:19.857771+00,qHRdgBl8,qiR,
2af14ed0-2243-436a-8000-4fbfa191d50e,skfVGo95,2026-02-19 23:35:46.086279+00,skfVGo95,SleepyDomino,
2afb9877-1fd6-47de-a8ae-144808a46865,ZITnH6Nh,2026-02-22 18:56:13.380861+00,ZITnH6Nh,Kerez IV,
2b288bb1-8f2c-472c-85f6-1163b2a378f8,nNC1Beic,2026-02-19 22:38:36.537662+00,nNC1Beic,tiago,
2bcd33ee-2cfe-4261-97f6-6b5b885f845d,kPiGtu4B,2026-03-04 15:16:31.844016+00,kPiGtu4B,miga,
2c6bc28f-01a6-461b-8ca8-d3034c13fbb7,fvWDS0dd,2026-04-06 15:08:14.238171+00,fvWDS0dd,B,
2c966158-8cad-4b74-8cdc-f095259817a5,qsazhA43,2026-03-04 23:08:55.76524+00,qsazhA43,EF9.,
2cc5b6ab-24b4-47ae-badf-0ec0f2dfa23a,ZqS4xjnf,2026-02-21 22:54:26.264448+00,ZqS4xjnf,Laycon,
2cf2ae7b-1f0d-44fa-b8c0-c7a343159e66,ICgwDS29,2026-02-21 22:06:58.797936+00,ICgwDS29,Sh4W,
2d9ee886-9040-47f6-9571-38fe058ec225,hTL7amsc,2026-02-22 18:56:13.324752+00,hTL7amsc,Justemp,
2df6118a-d3a1-4ade-a47a-24df97b599ac,WUWWdp3G,2026-02-21 22:37:50.517606+00,WUWWdp3G,yafes,
2df70d98-1fcc-4f56-932b-c1aa91c197aa,tC8NauRK,2026-02-22 00:48:20.979618+00,tC8NauRK,cawest666,
2e0a50d1-d25a-4dad-aa0c-3b94592cf9a7,IBtV6XjP,2026-04-01 23:39:19.122827+00,IBtV6XjP,Amar Dedic,
2e89d7be-039b-4309-85a3-f7ff2477b00a,lY1GFyN3,2026-04-01 23:31:29.672798+00,lY1GFyN3,aktug,
2f11361d-ac47-4b50-be6c-37ad3e1747b2,pY9oHS4u,2026-03-04 15:34:31.17471+00,pY9oHS4u,taZ,
2f12cb6f-1c56-4aa4-a593-07403bcf3429,jgo3psyo,2026-02-21 22:57:48.385144+00,jgo3psyo,Yigido,
2fab2277-3b1e-4c7c-a2bd-ee80005a842a,sfHnStBO,2026-02-21 19:51:55.288219+00,sfHnStBO,Vimnczy,
3026383c-4582-4341-8c2e-882b11b2c457,bku1ZSJl,2026-02-20 00:03:33.912265+00,bku1ZSJl,M1STy,
3135f05c-09ba-4d3e-aa97-f433001eca33,jRKaGOVT,2026-02-19 23:11:18.358959+00,jRKaGOVT,tsou,
31620b64-7505-4c6d-a438-e8ddfef3f4ee,x5lVYOCp,2026-03-03 20:17:41.754181+00,x5lVYOCp,BefoX,
31ab242a-2b1a-43c3-b849-a26600e38777,Roq5kT4d,2026-02-19 23:27:03.322731+00,Roq5kT4d,bulgar,
323ee32d-4a4d-47b6-8a0d-02e192d1fdff,BAJkkvLi,2026-02-21 22:57:48.126416+00,BAJkkvLi,Alvaro Carreras,
3261cad7-8918-4d6a-84f6-1277cb854f0b,BHtoeixh,2026-02-22 20:37:27.316938+00,BHtoeixh,chmura,
33460ef6-9496-447d-b805-93ee54267e19,82S2cKxC,2026-02-24 00:30:40.304456+00,82S2cKxC,sadimir,
33da5ff2-7f7a-4007-8497-8f563951c77d,dYzAiD44,2026-02-19 23:02:01.989248+00,dYzAiD44,Leon,
33fc7bb2-da88-42b5-a813-da33ae7fd0f6,aozF1qFV,2026-02-19 23:35:45.6059+00,aozF1qFV,kursad,
3407cc3a-2591-4c06-ab07-da2de49f38b8,lGSZKMzG,2026-03-04 19:02:08.456501+00,lGSZKMzG,zikku,
345a9bce-a3d0-4ead-9eea-034fc67c09b8,lRLXRmTM,2026-02-21 19:51:55.347079+00,lRLXRmTM,resanoJ,
34f9b7a0-13c1-4e9a-ac02-fb63f1440a5b,SkwxgVv8,2026-02-19 22:28:26.134164+00,SkwxgVv8,Feng Min,
3557690c-79cf-4580-9dbe-91a153aaf171,nHRcuwE8,2026-02-21 22:08:52.802055+00,nHRcuwE8,Xsaer,
356b17da-6647-4339-acfc-7c5ccd7cbaa2,tA2a2mis,2026-02-21 22:57:48.176528+00,tA2a2mis,D1R2K S2K3N,
35aae8d0-8e7b-40db-ad74-9e994e3308f3,0nEVFbNF,2026-02-22 18:56:13.437673+00,0nEVFbNF,Eyrox,
3608b26f-05c8-4084-ae9a-7f58d1c9bc13,PDEpEGbe,2026-03-25 22:04:41.812482+00,PDEpEGbe,befows,
374198d0-b3d9-42b9-81e8-e76e0deed5fc,ppRHVnSm,2026-02-20 00:03:33.50772+00,ppRHVnSm,Melonefc2,
37d3ea41-e24c-4935-acf2-06c387ac47e9,Y0pM17Tq,2026-02-19 22:28:26.42882+00,Y0pM17Tq,soul snatcher,
384df794-4b78-4756-bf4e-5e9e54263aae,vQFkbN8K,2026-02-24 22:56:09.761133+00,vQFkbN8K,Pjanicu,
38650574-06a3-4be2-bff7-df26627ecb0f,p9H9BuHA,2026-02-24 00:27:51.183335+00,p9H9BuHA,Quix,
38ccfa50-824a-41f6-a72c-fc8f897fb15e,tM9PJ3c4,2026-02-25 21:34:03.613654+00,tM9PJ3c4,Pedro,
3914a82e-650b-4260-8805-0ff2dfa80104,DmdyDRtj,2026-02-21 22:49:00.268968+00,DmdyDRtj,Kees,
3ae0f2b9-08db-4594-86e1-81772e94fb0e,kqU8Pq32,2026-02-21 22:06:58.908944+00,kqU8Pq32,le rey viany,
3bb34974-24c9-4f3c-ba76-df9d9e5d6a0b,ukmWI15l,2026-02-19 23:27:03.992324+00,ukmWI15l,ENTY,
3ce7cd0b-04fc-4a08-89ec-7132eae60b27,hrsF9TDG,2026-04-04 18:03:39.161587+00,hrsF9TDG,Pytho,
3d0afe97-fd94-40db-ac93-d30c1ef08a7c,0vdL6M2o,2026-02-22 20:43:02.910138+00,0vdL6M2o,wexan,
3dcd7592-94ca-4eee-81b4-1405e50406d9,zv5AJfUP,2026-02-19 23:27:03.935348+00,zv5AJfUP,marcinho,
3ecfb76f-59f2-4c0e-b2e5-3b152a6a4bce,wrr5BZ8S,2026-02-28 20:15:29.357307+00,wrr5BZ8S,KpY,
3f35ca99-12f4-40b9-a3ab-fb41119b5d9e,YASR3FxP,2026-02-21 22:37:50.28222+00,YASR3FxP,kuş,
3fb2b88f-0175-4bdd-9307-fd3d375f7c53,uye7iN38,2026-02-18 23:24:50.354305+00,uye7iN38,Eren,
4074bd27-2945-48e1-ad1c-a6fecabf859c,YJoOURM3,2026-02-19 22:28:26.53995+00,YJoOURM3,daghan,
4086df7e-2136-4721-be2a-013e3c4e1ee2,6wniibWr,2026-02-24 00:35:24.681317+00,6wniibWr,Szymkowiak,
40c0efeb-bb6e-4b81-a99d-c1a0fba0da8c,uiC80YxJ,2026-02-21 22:49:00.323843+00,uiC80YxJ,whiskas,
41d61a44-4b97-4833-a173-b16ac925e267,TKMRdBqS,2026-02-21 19:49:07.537461+00,TKMRdBqS,Omer,
41e7657e-1ef1-40a7-96f3-f252ebdd7345,Rh8tp1kS,2026-02-19 22:28:25.998085+00,Rh8tp1kS,hapf1nho,
41ed3353-cf66-49eb-b1cd-3544b7d2615e,rn4n2Z3Z,2026-03-28 19:52:18.982567+00,rn4n2Z3Z,Twzeeyz,
4233b6f0-6c2d-47e3-929b-e1ed51e0df86,vtuBiNfv,2026-03-04 16:42:40.742748+00,vtuBiNfv,Reze,
437af16a-4313-4bd9-93b2-f8115aa76447,vqy99zh3,2026-02-23 00:24:43.845315+00,vqy99zh3,Ricardo Sallai,
43936899-2247-4113-9f54-c1d2123c75a2,2eJjipfH,2026-02-19 23:42:19.611553+00,2eJjipfH,ImanliSuayb,
43df9127-bb7a-4b5c-826f-9f3941fcdd9f,y1hSTicf,2026-03-04 15:34:31.108252+00,y1hSTicf,Nordmann,
43e6e31b-7f76-4c20-8f78-4e0eac3e3e8e,cr9DzkeC,2026-02-21 22:46:02.772758+00,cr9DzkeC,TheFear,
447b6c36-21b2-47a0-8ce4-b122df357de4,P18qRu39,2026-02-23 00:24:43.778339+00,P18qRu39,EmoPrespective,
455808e1-206b-4100-8a72-19aa622d3c43,hgVEaSql,2026-02-22 17:18:21.753051+00,hgVEaSql,FRANCISCO FRANCO BAHAMONDE,
46572518-d547-44b4-a9b7-d0847f5a9791,mainoo,2026-02-25 21:36:43.400831+00,9iCpshtO,mainoo,
46e10322-f1f9-455b-8812-714c17fe4cae,12cSz0J6,2026-03-04 18:46:26.419002+00,12cSz0J6,myarrow,
46e608cb-e83f-44fb-ba15-09a4430015c9,rCAFq7Bt,2026-03-29 21:56:41.665417+00,rCAFq7Bt,John Terry,
47661561-e136-4d84-be1c-79fc0d47e921,kL6y2Ebz,2026-02-22 00:24:57.450496+00,kL6y2Ebz,Kyuubi,
48a2f7dc-4a48-46ee-b8d4-d4fbd912d429,DPTLPJZk,2026-02-24 22:46:30.515464+00,DPTLPJZk,Can,
48ef7d04-216c-4a68-b5ac-b057c0f9a2b1,0oYenE0J,2026-02-21 22:46:02.463118+00,0oYenE0J,JimJim,
49105744-5fa4-4ec7-a742-749038bbcc3a,K6fCXljZ,2026-03-03 20:20:26.574763+00,K6fCXljZ,BOMBi̇STAN,
4989d80d-8611-494b-a878-f011860bdc81,Ve0Muouj,2026-02-27 21:09:15.055806+00,Ve0Muouj,sko1es,
49a40d7b-26c8-46bd-98e1-e77621af162a,H3BYEfVD,2026-02-22 17:01:09.406391+00,H3BYEfVD,Kimito,
49b04121-e468-4401-b524-4329a1fd9ef9,hYJiqwrQ,2026-02-22 00:33:12.782516+00,hYJiqwrQ,Mathieu,
4b10c363-7278-41db-8789-426679d7f38b,7rjvQBBo,2026-02-21 22:37:50.744183+00,7rjvQBBo,Rotax,
4b3e69ba-0f3e-4c3e-a791-63c6de1a6eda,EWOMQkkT,2026-03-22 23:33:23.0662+00,EWOMQkkT,Śweét,
4bc91dfc-5b1a-46d9-8bcc-c7acd0f53b7d,n6ecfQ2a,2026-02-18 11:48:33.7257+00,n6ecfQ2a,lexa,
4bff854a-2e5e-4a40-a06b-0dae43d9d065,67aFCjCC,2026-03-14 23:29:48.513788+00,67aFCjCC,casablanca,
4d4c0e90-15e5-4297-aca0-cb78712105c1,0tV6phJZ,2026-03-04 15:16:31.897742+00,0tV6phJZ,Son Goku,
4d4cd3e6-24cf-452f-bf78-85ae39cb37b5,TnhGDZH5,2026-02-21 22:08:53.10088+00,TnhGDZH5,sheesh kebab,
4db12a51-b358-488a-9c04-ee09cb88e69b,Pl7mNHrV,2026-02-27 19:39:17.611129+00,Pl7mNHrV,yususi,
4e51fadd-c64d-4439-b3fe-ce0f5d8cdd91,IB5ZTWWG,2026-04-06 15:08:14.370875+00,IB5ZTWWG,Leo,
4e7a8d64-733f-46ba-aeff-b35e8b3258e6,GfvPbQWx,2026-02-21 22:46:02.540093+00,GfvPbQWx,Lycris,
4f773ad0-2357-4c38-a1a5-8ffb900249ac,IszBMdzd,2026-04-01 23:29:44.132766+00,IszBMdzd,Ponxly,
51568e76-e50a-4573-9646-3d9270f944ce,NHkwsP88,2026-03-01 23:29:06.694487+00,NHkwsP88,relsen,
515cb6b3-cc0a-4765-88f6-b2e0851935ef,Lj4MDsE3,2026-02-21 22:08:53.000247+00,Lj4MDsE3,SUPERgoobgamer,
51721016-b394-4dea-a7e7-cb3374f018d1,ofbDrbEW,2026-02-21 19:49:07.135463+00,ofbDrbEW,Noob,
51cfaa55-2576-47ff-8902-ea91ad89ebcc,SFSGCMcV,2026-02-19 23:27:03.71174+00,SFSGCMcV,Toothless,
51f3dbda-8258-44b1-8ee7-906bc14a2f56,LeqNsIP7,2026-02-22 00:24:57.614829+00,LeqNsIP7,BOTain,
53d6d6c1-28a9-4032-a655-dd77b6f97574,GKOGOttX,2026-02-21 22:49:00.212379+00,GKOGOttX,beryan,
54a39c86-4cfe-47cb-ab1a-52f46cbf2437,k1HyGF8L,2026-02-27 19:32:36.476047+00,k1HyGF8L,BEASTS,
5548d172-12d4-4219-bfaa-f7fcd907cfea,Brunex,2026-02-20 00:03:33.450934+00,6YCajQD1,Brunex,
55829937-cca5-40e4-a661-89f73593b31a,raclWPpm,2026-03-22 23:50:38.57568+00,raclWPpm,Marcel,
564964c9-ef26-4dd0-8b8b-208c9f5af4d9,NRhFqDzz,2026-03-14 23:19:19.151101+00,NRhFqDzz,*tuhi*,
565f74c4-302b-4d0b-8fe7-057809b2f5c8,mater,2026-02-22 00:33:12.942642+00,Lv7DRD71,mater,
566e76a8-c7a8-4696-ab74-8860fbb4a54e,puivGhbA,2026-03-27 15:08:42.59185+00,puivGhbA,4rd499,
56a42e4d-7b9b-47c6-a154-ecdee7fb8213,YIPKWz0D,2026-02-19 23:20:51.87627+00,YIPKWz0D,pekipekipeki,
56b917a0-b324-4f2f-95b9-cee53ead974f,nhwAEkfr,2026-02-22 15:47:47.815439+00,nhwAEkfr,Belli.,
57513fec-82d7-4749-ab8a-2c8f7f8eaf8b,jKaFCcux,2026-03-04 23:40:30.812744+00,jKaFCcux,Lokus,
5780051c-a5b1-4dd6-a549-c6a3ca457c93,6OBXh6eX,2026-02-21 22:06:58.733324+00,6OBXh6eX,ADL OTW,
57a03f72-a308-4db8-86d1-3031aae6bc13,Oi5y96Lt,2026-02-24 22:46:30.456539+00,Oi5y96Lt,ayIb0ğan,
57c81aac-8f96-466b-9a4a-8e130acb53ec,wUWmKDKC,2026-03-27 15:08:42.053362+00,wUWmKDKC,zKrizy NL,
57ed0735-3daf-49d4-b4e3-63c2527f8d57,Azc3l2MP,2026-03-06 21:59:32.282904+00,Azc3l2MP,CyN,
581d7468-efeb-4a72-ba17-af18f508b9a9,cD2t4axl,2026-03-04 15:10:52.168232+00,cD2t4axl,Eien,
59367df6-a831-4a1c-8cb1-a65a16687609,P18qRuB9,2026-02-22 00:33:12.886606+00,P18qRuB9,GhostBoySwag,
598daf18-47a2-4c69-86b9-38c3a92f5138,x7lpv4Hq,2026-02-22 20:43:02.759887+00,x7lpv4Hq,qZenseS,
59f0a37c-49ea-43d1-88b8-32bde1f42136,UMmrWjZ8,2026-02-22 15:56:16.906893+00,UMmrWjZ8,death_king_1432,
59f47cc9-4c4a-4cd7-89a2-9af74d276af8,2XrrVTVU,2026-02-21 22:06:59.624914+00,2XrrVTVU,blocc is hot,
5a7ca4b8-c24e-4832-a4fb-a15984a2448e,lNyFMuQd,2026-03-26 19:36:12.682554+00,lNyFMuQd,one eyed king,
5aa7d6bb-fb61-467b-9200-0e55e5baca83,4pJVZp45,2026-02-21 19:49:06.902859+00,4pJVZp45,Luvumbo Zito,
5aebb1a5-2ab6-44c9-a94c-824269f7d773,dOzymTyX,2026-02-22 17:47:57.313368+00,dOzymTyX,lolaso1002,
5b62c1c4-5600-4e00-9f29-36c24d2bed29,xKhgl8Tn,2026-02-19 23:32:08.672194+00,xKhgl8Tn,MaVeRiK222,
5bae39d4-413b-4ba4-96fd-be6e36a51fec,53SXGfpq,2026-02-19 23:35:46.205995+00,53SXGfpq,Sanji,
5baed746-6a44-480d-9a45-c023f30382ae,FQnRBk8k,2026-03-27 15:08:42.339253+00,FQnRBk8k,Bora,
5bb44ff0-9fe6-4cf7-bda5-1b2ded2ab51a,HEXSmNjV,2026-03-04 16:42:40.946741+00,HEXSmNjV,Dusan,
5c667d1e-4c6e-4677-ac07-31ebf653d184,SnwKey,2026-02-19 23:27:03.502953+00,O4jOmGWa,SnwKey,
5dc9421a-7203-4bfe-90c5-26314ef71982,P4pbbSp6,2026-03-04 15:31:58.484299+00,P4pbbSp6,Cr700 Pounds,
5e63ae3d-def3-460e-baa4-33ebfb9a91d9,jSceqvkV,2026-02-21 22:05:25.356521+00,jSceqvkV,Sn1perz!,
5e927a04-5f33-4ecf-8a9a-c20df7b61564,5OgELZHo,2026-02-24 22:42:50.914908+00,5OgELZHo,Griffith,
5eee5035-5f13-495b-8b2e-145c235d860a,UvDEkQ98,2026-02-22 17:45:16.623182+00,UvDEkQ98,goosebumps,
5efd4edb-e4e0-464b-bcc1-e31f51149256,UloerPyK,2026-02-21 19:51:55.417046+00,UloerPyK,leyfen,
6006e119-0315-48fa-a960-99688e274550,1PzFM9Dq,2026-02-18 11:48:34.501997+00,1PzFM9Dq,jeck,
6007d242-65ea-4702-a946-18f8c58ad372,qMhodSeS,2026-02-22 20:43:02.699417+00,qMhodSeS,Sanalgamers,
61d2c805-6278-4365-aef3-58607bd37086,oNOEacUQ,2026-03-04 15:39:07.85536+00,oNOEacUQ,slow.,
628a9066-15ea-4080-98e6-f0fd619b44eb,9wbnrzuB,2026-03-04 15:27:00.111314+00,9wbnrzuB,AKM0x4,
634e3b03-1641-4005-8741-ed28c04be7ba,lyRHoy8r,2026-03-04 16:42:40.843413+00,lyRHoy8r,Octopus,
635fb223-b598-45a3-bbaa-cd0da12c33ab,UhtMimjH,2026-02-21 22:46:02.588071+00,UhtMimjH,Lily :3,
64084aa4-1519-4593-8be4-6b8dee34f3e9,hxwBPGJ3,2026-02-19 23:11:18.308122+00,hxwBPGJ3,yYy,
640c8249-9f3a-4c12-9070-6ecb9c8e0b95,lorfacrv,2026-03-04 16:42:41.043863+00,lorfacrv,RecityNo,
644bc071-f35b-47ee-8e19-c101c7c11163,ZIaJu5do,2026-02-19 23:27:03.817345+00,ZIaJu5do,Adham,
6553959c-ab4c-4ef1-9df4-f1c366929211,D7xnE71v,2026-02-22 00:42:48.391952+00,D7xnE71v,Night,
657485cc-eda8-4d28-a449-e7d78a89685e,RRYpA7D5,2026-03-14 23:37:52.926595+00,RRYpA7D5,Biggie Juke,
65e478e9-920c-40ed-9247-cd6642b83f36,sas18HBp,2026-02-21 22:46:02.707616+00,sas18HBp,Dede korkut,
65f8e00a-7543-4501-8b5f-fcee0c7fdb5d,Aikp1CRu,2026-02-21 22:37:50.405061+00,Aikp1CRu,LuFi,
662f5590-f76c-4ab1-9b8a-3e96b919715a,8r25tVGW,2026-02-19 23:32:08.926634+00,8r25tVGW,Quanto,
668a7154-1460-4148-9133-ead6e78e3a97,cUPz0h2i,2026-02-22 15:53:04.358604+00,cUPz0h2i,MEZARCI,
66baf5f0-2eda-4953-b088-96c35e37afa5,KwrSabVO,2026-02-21 22:57:47.977926+00,KwrSabVO,adridegin,
6763dad4-5c07-4f42-abe2-58f6f09e4af0,USkPhDif,2026-02-18 23:24:50.29857+00,USkPhDif,oao,
67d84d4a-34e1-425a-b5af-aa80ba3e1ce7,IBtV6XfP,2026-02-21 22:08:53.050296+00,IBtV6XfP,Djani0711,596462089569173515
67fb3ae4-0699-40bf-9d78-da133af08dff,Morpy,2026-02-25 21:36:43.400831+00,PHyyYkuc,Morpy,
6935ce4a-0174-4388-ba33-79c0b2c2b66f,Qa3LqlH2,2026-03-29 21:50:14.221089+00,Qa3LqlH2,backwardprefect,
695c301a-3f49-4916-8d67-6e198d6529f5,6OPOhADC,2026-02-21 22:05:25.645515+00,6OPOhADC,JAZENGER.,
6a246ef5-9bec-4f29-a7cf-5dab1915fbb3,xHmPpZgx,2026-02-22 00:45:28.42763+00,xHmPpZgx,Mam4Sitaa,
6a3f628f-7dad-48b0-afe2-be3969115b0d,JVhiT3xc,2026-02-22 00:42:48.334889+00,JVhiT3xc,astraL,
6adf6e5f-a0dd-4e91-be62-6ab6080c9b7f,UHbE0Hbd,2026-02-22 00:24:57.561272+00,UHbE0Hbd,Lexa,
6b37ad10-c1bc-4fb4-94ba-4a3b6acf55eb,ur330wxd,2026-02-19 23:32:09.302165+00,ur330wxd,PrayeRug,
6bb1c736-9ec6-4db5-91a5-b4569eda95b4,bRFNuAkI,2026-03-29 21:39:31.105627+00,bRFNuAkI,Birakenks,
6ca9e07b-b6d4-461a-aa3e-e3827cd56781,R7wdTWx6,2026-02-22 00:45:28.281904+00,R7wdTWx6,Jiou123,
6cbece72-a0f9-4c80-a6e4-332abe28faf6,Fahad,2026-02-20 00:03:33.33546+00,0lZD83kN,Fahad,
6dd2ea29-a00b-4393-a556-448387245400,3n11U6yR,2026-02-21 22:08:53.261829+00,3n11U6yR,Inzaghi,
6de19e44-07ec-4497-b7dd-16254bbda43e,E3NzF597,2026-03-22 23:50:38.154472+00,E3NzF597,swayze,
6dff3057-28aa-499b-9709-329a4c4526ee,a30PqXDY,2026-02-20 00:03:33.113193+00,a30PqXDY,twistys.,
6f37dca2-7250-4c16-b0de-d88a88327ee7,N8oKYlED,2026-03-04 15:22:45.633393+00,N8oKYlED,Najat Todoroki,
700b5fc1-8539-484d-9da7-e172c39e1371,mvVYvGUq,2026-03-01 23:31:09.464699+00,mvVYvGUq,Brian Brobbey,
7066872c-bfdb-482b-b521-1084d9f96012,oRsTBKUm,2026-02-19 23:11:18.172569+00,oRsTBKUm,forky,
70d054d7-25b2-4ece-87ce-2e477bcd3903,gSmN85xG,2026-02-22 00:40:55.234739+00,gSmN85xG,Timhub,
70d61877-2c58-4630-bec4-5175ebece3bf,iiLrioYH,2026-03-04 15:30:47.701116+00,iiLrioYH,zey 2.0 jr,
719f5a24-85fc-4016-9138-0a84fdcf1ce9,mtiTg8z0,2026-02-20 00:03:33.622302+00,mtiTg8z0,james,
72088eb5-3ed7-4e55-80c8-a4ba93b8eaff,QiTQ2avvw,2026-04-01 23:39:19.560401+00,QiTQ2avvw,Gaufrette,
73b16faa-89a5-477d-a472-a0039ccc6cea,QLMKTV1U,2026-02-19 23:27:03.381258+00,QLMKTV1U,Jeremie,
740d81e1-0648-4d09-9ede-fbc0f57a570f,cfR581Il,2026-03-04 16:42:40.792875+00,cfR581Il,Devrimci Fistik,
74a27bb8-dc1d-421b-b931-d5d9e700d791,m1TDNObV,2026-02-21 22:46:02.822747+00,m1TDNObV,neon,
75006243-09bb-4172-8880-7fc3a3e0d95c,bxO2Hop7,2026-02-22 17:18:21.804897+00,bxO2Hop7,Zeus,
754c6a3f-be8b-4eac-bb05-a7a035b130b5,7EfZdR8A,2026-03-04 18:55:13.212752+00,7EfZdR8A,PersembePazariParcalayan,
7593f03f-2200-45ae-9a01-fd8019c47470,kgNUaV5m,2026-02-19 22:38:36.802079+00,kgNUaV5m,stiv,
75bb0f59-1470-4a81-9b17-40345dc2c488,F5GEuN6A,2026-03-04 18:55:13.328421+00,F5GEuN6A,Gatsu,
760a6131-0069-4e05-9e70-6bec90191637,eBGNF5g0,2026-02-19 23:32:09.126468+00,eBGNF5g0,nekro,
77838858-4583-47d2-bf17-33cdfa4495bd,jyfwtbA8,2026-03-04 19:02:08.272586+00,jyfwtbA8,em1rh,
77b749cb-b77e-4204-9922-9c8bc226eca6,eaAb4FP6,2026-02-22 17:24:43.563385+00,eaAb4FP6,yusoW,
783b9d50-39ff-48b0-84d9-b608fdf515b3,Mr.Herokris,2026-02-21 22:06:59.020052+00,M3uPDc7q,Mr.Herokris,
7888df90-020a-4dd1-99da-85cb04dac66b,ecDOJVpj,2026-02-19 23:35:46.143772+00,ecDOJVpj,aspect,1143660604872216678
78945294-58d4-48a5-9faa-75a82f4a34ab,3gKMgfnq,2026-03-04 19:02:08.561856+00,3gKMgfnq,Liftray,
790cd3b0-f9ef-4591-8529-4fd2ef273cfb,2yZzjaE3,2026-02-22 00:48:20.928466+00,2yZzjaE3,Dytryxx,
7a2cc320-0a03-40ec-8882-002ba7ab6ce2,ESsUh1Na,2026-02-25 21:26:00.004195+00,ESsUh1Na,okanberk,
7af8310e-a70e-4984-826c-45c8b97f4b62,rVmytjjb,2026-02-21 22:08:53.199856+00,rVmytjjb,Fat Ginge,
7bce360c-9582-4ae3-a11f-ede63cedebe3,0vEQT2H7,2026-02-22 00:29:45.718682+00,0vEQT2H7,Kaiser,
7c32cfc6-9a24-42e1-b48e-b35fc9a40a93,yAlI1jPZ,2026-02-20 00:03:33.224546+00,yAlI1jPZ,HEMOO,
7c42e1a2-b750-4d00-a214-26225d726f8f,HArfUb2s,2026-02-21 19:49:07.430494+00,HArfUb2s,Wladyslaw,
7c811d9b-f926-4ccd-a62f-3323ce07002f,0ShT2D9g,2026-02-19 23:11:18.23676+00,0ShT2D9g,HydroGen,
7d309808-fb3f-4a9c-94fc-b851290b13de,KCVFd4LQ,2026-02-22 00:53:57.549087+00,KCVFd4LQ,akatrip,
7d522140-9b97-4111-ab0f-95aa1be11fdf,UXNC7zWa,2026-02-26 19:23:23.872133+00,UXNC7zWa,Fearful,
7d7bcb08-f42b-499f-a019-c49f91641a6b,1hzHOI6r,2026-02-23 00:13:34.846971+00,1hzHOI6r,PolglaseHD,
7da484bb-0623-454a-95ac-7d77b7e111c4,MeZmYDdl,2026-03-04 16:27:48.573048+00,MeZmYDdl,ArasKargo,
7e5502a7-6938-427e-9edd-e08064b11735,gGorA4EE,2026-02-21 19:49:07.081849+00,gGorA4EE,katliam pro,
7f32477b-3a8b-4dd0-b209-63fcff123959,zNgMmbOW,2026-04-06 15:08:13.939793+00,zNgMmbOW,Timucinn,
7fd5353d-009f-448f-8c7a-98d0a8825c0a,l4cjOUch,2026-02-21 22:08:52.952659+00,l4cjOUch,osheto,
7fdc1818-62de-438f-a6f6-626f5788326b,hWKf6Ajc,2026-02-27 19:32:36.559673+00,hWKf6Ajc,rsky,
801602ed-ce27-44f5-a861-a5414dbf4842,Rf3hp4Ja,2026-03-14 23:23:55.334968+00,Rf3hp4Ja,tahag,
80543e79-317b-4c83-b059-d50095730625,vAWHMivI,2026-02-22 17:22:47.302238+00,vAWHMivI,Scoody Boo,
80c2fa8f-2487-46c5-a5eb-078a3011cb0d,kkFtTQl2,2026-03-04 15:16:31.946473+00,kkFtTQl2,erts,
8224ef9f-3a52-427c-9403-f110b1b0ef47,ar03vyCo,2026-02-22 00:33:13.090442+00,ar03vyCo,MibemiX,1351534457416581182
8235ca70-a199-4b6d-8198-2087cfa1e865,Dssilrxe,2026-03-23 00:04:17.84535+00,Dssilrxe,hannsinho,
827a57e6-345c-4019-8e06-5e31845cf8ef,xTWiDYKf,2026-02-19 22:38:37.160371+00,xTWiDYKf,A Z 1 Z,
828c17d9-d1e0-4983-ad9d-e8cdb9115912,FYcCZQj5,2026-03-14 23:29:48.157668+00,FYcCZQj5,ataturk.exe,
82e33825-e528-421e-a7fb-8155aff17227,XjweXLSq,2026-02-22 17:47:57.374271+00,XjweXLSq,Gergő,
836dc937-6f74-4e8c-a576-5c01226de7be,hDYnJMPD,2026-02-25 21:17:14.004814+00,hDYnJMPD,axer,
8393cbe5-88e0-4437-a995-91c200dd3090,rVmytjIb,2026-04-01 23:39:19.249973+00,rVmytjIb,Fat Ginge,
84144773-651e-489b-83cc-bab08bd09fef,zSDfGLoB,2026-02-22 17:03:28.454694+00,zSDfGLoB,Duggo,
84fcac3b-edeb-4fe9-bd5f-5ec5a4e82a79,nbWQdBA0,2026-03-04 15:16:32.085011+00,nbWQdBA0,Traktoren,
857379d8-dbe1-4f84-b983-f6d8cfa3d047,ROMANIAN NUMBER 1!,2026-02-22 00:33:12.991121+00,ZEAH9d50,ROMANIAN NUMBER 1!,
865c7086-2d02-48dd-8ea3-8d1b45ef2cfb,ZcO7dbrC,2026-02-22 15:47:47.753081+00,ZcO7dbrC,TryHardPT,
869007c5-5391-421c-b4cb-60c77874049b,4PCmajzz,2026-02-22 17:11:43.843797+00,4PCmajzz,Irfan Can Eğribayat,
86e995b7-50fd-4d9e-b3e1-d9f13db35e70,Haa3MmIf,2026-02-23 00:13:34.73542+00,Haa3MmIf,qiobiro,
87c4e7ce-9c13-4e09-a532-5738dcf1876e,sjoluAGr,2026-02-19 23:42:19.29949+00,sjoluAGr,A R E O,
88680cfe-47fa-4e5f-a5cc-0bc6de7c0853,9GKPbqWj,2026-02-26 19:23:23.999061+00,9GKPbqWj,Sidiki Cherif,
887fe9a5-ab38-42a5-bf57-1ebeddd232be,AOp2Ebx5,2026-03-05 20:16:01.898286+00,AOp2Ebx5,Milo,
8938e670-d21b-41eb-bcbf-db25ef7a6e6f,IfcSHYpT,2026-02-21 22:06:58.970912+00,IfcSHYpT,Hermès,
8a6d4726-d8b3-41e6-b4bb-52ef0cf4062e,Kq6uOqOP,2026-02-22 00:24:57.663962+00,Kq6uOqOP,ree9brt,
8aee7ffc-7867-4404-a381-77ef9074560e,HdIhRXf7,2026-03-04 15:10:52.40246+00,HdIhRXf7,pepar,
8b77ddaf-48d8-4f3a-b591-d548f2c539ae,TZTpQKDb,2026-03-28 19:52:19.104094+00,TZTpQKDb,2Valid :),
8b8d6e06-f585-4e8e-960f-d15ab4abd940,kVcK4XmF,2026-02-22 17:47:57.262236+00,kVcK4XmF,Andre.,
8bdcd440-843b-4713-98f5-52c8be1f8f26,ZvdWp2Hz,2026-02-21 22:37:50.630881+00,ZvdWp2Hz,Yilan Oglu,
8c6111bf-9272-4230-8bfd-511be5d0103c,1atBLUjA,2026-02-21 22:59:34.135149+00,1atBLUjA,alcantara,
8cd953ac-d603-43fe-9611-c5365d62f321,PlYJjOi4,2026-03-04 16:47:16.064426+00,PlYJjOi4,zeyrox,
8cf93859-0288-42ed-ac2d-973f430f6080,aOQEvgEc,2026-02-22 00:36:30.646538+00,aOQEvgEc,batuFLEX,
8d6c49a2-86ef-4f6b-9fd6-7bd2eca30272,IPogCDWk,2026-03-14 23:41:37.797296+00,IPogCDWk,It's high moon,
8e59c7a3-0343-4c4f-b9aa-a387deb9ba0c,zLPfyS71,2026-02-19 23:35:45.70976+00,zLPfyS71,Görkem,
8e6af089-fdd5-4ab3-854a-677599513198,YFB15Czm,2026-02-19 22:28:26.590644+00,YFB15Czm,Lefrein,
8ee6711b-919f-4762-bd96-41fba5138bec,tVMVSrbu,2026-02-22 17:01:09.472603+00,tVMVSrbu,bexa,
9023f26d-b97d-448f-990e-24edf9decbe0,cUKMFbuX,2026-02-27 18:51:09.61697+00,cUKMFbuX,george droyd fent friday beating,
90e3b648-3654-4edb-bc07-ca9ae35e951a,hgVEaSqI,2026-02-20 00:03:33.861864+00,hgVEaSqI,TILIN ♡ POLLAS,
9179b765-a947-4582-ad2b-35a5882ea0c8,BEG3JSdM,2026-02-22 15:39:00.662835+00,BEG3JSdM,big in 2026,
91a49753-2644-4905-8fec-859f08282135,7XeiQ69H,2026-03-04 15:10:52.297441+00,7XeiQ69H,berkin,
91b264b8-9ba6-47e9-916f-0f23de8ce624,0U1Q1mN9,2026-03-04 16:53:29.730367+00,0U1Q1mN9,Pancho Brodin,
92075f2f-9d2e-4092-8a4f-ab225ea7cbad,S7uwgI9s,2026-02-21 22:54:26.328159+00,S7uwgI9s,LIONEL MESSI 30,
92314347-2334-47d6-93ba-c948bff9f486,DmxIRXob,2026-02-21 22:08:52.902571+00,DmxIRXob,such a boy,
924a77ca-0fc6-44ec-b754-1e107b516cf5,of9sTJV8,2026-02-21 22:46:02.265798+00,of9sTJV8,gog,
92797380-296a-4899-8648-6bdf3395c18c,cDC2Ym2r,2026-02-24 22:52:34.824096+00,cDC2Ym2r,M4SKIE✧,
92a22f0a-30e8-48ed-9a5e-92d9609ea866,hUVVDAuu,2026-03-16 12:57:43.44969+00,hUVVDAuu,Spunko,
931fd875-9289-4b75-a927-0f295c7bfb8f,ddYpfMfN,2026-02-19 23:42:20.010255+00,ddYpfMfN,Ryusei Shidou,
93ad0ca5-4c0e-4c96-9ea0-d2a85f51926e,wMz2wqPJ,2026-02-21 22:06:59.073355+00,wMz2wqPJ,Stella Steve,
93eab822-843e-4350-bb44-e331a423571d,gxTsw6xE,2026-02-28 23:24:18.73751+00,gxTsw6xE,smokedope2016,
942c88aa-c32c-4f4a-8ae2-ac0c8fda6cb7,nYeSmCVv,2026-02-19 22:38:36.635386+00,nYeSmCVv,zeyvv,
94a80472-3333-4903-bacb-a840ece6c816,CVks2eNu,2026-02-22 00:45:28.333655+00,CVks2eNu,mesiah,
9685e3be-747c-47cf-bf8f-5010c0c0ce0b,Rw1EHBfZ,2026-02-19 23:35:45.765487+00,Rw1EHBfZ,Sergen,
97c0be85-49b4-48bc-a162-40cbb24c2d30,UFdrwkA5,2026-02-19 22:38:36.927535+00,UFdrwkA5,Syrian,
97ef1b14-348a-410b-83ce-ced05610ef9a,XiSYjht1,2026-03-06 22:03:01.235801+00,XiSYjht1,frostis,
98837a4a-a7eb-4bae-8da4-c301765f99b1,LJqJPe73,2026-03-22 23:50:38.440681+00,LJqJPe73,kvnctpc5353,
98b03fb3-17cc-4c68-b9d8-5972a8f555f6,3DSgxsLt,2026-02-22 15:50:46.19705+00,3DSgxsLt,Mathers,
991e6f31-863a-44d6-b530-5376b19d027b,xxdeUtNA,2026-02-19 22:28:26.060969+00,xxdeUtNA,Zesta,413029852984246287
992c6f49-b81e-4d1f-958e-d78d2241d4d9,oZp12ifP,2026-03-01 23:19:49.28614+00,oZp12ifP,♔QUARESMA♚,
99380f31-55f5-4e9e-88ef-12763487cbb3,zhlM5pPa,2026-02-26 19:23:23.93342+00,zhlM5pPa,lyrias,
9944ee0d-a999-4ca6-bfd1-19d2185ac946,IHwLlA7q,2026-03-04 16:36:27.817114+00,IHwLlA7q,wecks,
9aa47da7-4052-4e12-9904-1493db5777c0,yxnn307H,2026-02-18 11:48:33.572959+00,yxnn307H,obey me,
9acc63cc-08a0-4fa2-95ef-f7fc6a11306a,TZuNjkCe,2026-02-21 19:49:07.486342+00,TZuNjkCe,XMARATAA,
9b390ad1-bd39-4f92-87bb-3e5f68365353,HOI3SZW2,2026-02-22 15:55:03.047376+00,HOI3SZW2,tVkyo,
9b662727-19aa-4f5d-8459-696c178c498e,26OGytSB,2026-02-19 22:28:26.369167+00,26OGytSB,Blueji,
9bb8426f-d9fb-4ccb-a9e5-9bf4f49b5bca,74voEBDy,2026-02-21 19:49:07.30863+00,74voEBDy,Ezio,
9c036ac6-7708-44c8-9cd9-28ee1ee44454,S1RnnngR,2026-03-04 15:36:12.511994+00,S1RnnngR,lusx,
9c69ce40-ac11-4a6c-a634-bd4890de4b97,6H8Q6A8J,2026-02-19 23:27:03.556887+00,6H8Q6A8J,Manu 17,
9cf035fc-b765-4c49-931c-89a2739cf1f1,Mzem3EwL,2026-03-25 22:04:41.976374+00,Mzem3EwL,Crynn,
9d069fb9-e821-4d4b-a202-8d4b41eab666,YwyHJ9hB,2026-02-27 21:11:12.168067+00,YwyHJ9hB,top kaybetme makinesi,
9d0a604d-1960-493d-833a-47ea82bfd83b,YrNuQ0CY,2026-02-22 00:29:45.674782+00,YrNuQ0CY,Maes,
9e299cb3-3bc4-47d3-98ed-713728ffec07,vM52IHt4,2026-02-21 22:05:25.471191+00,vM52IHt4,kunEFE,
9e33d5b7-a05e-4a5b-af0c-030376770234,kDDrE34h,2026-03-04 16:42:40.530786+00,kDDrE34h,Cudi20,
9f00aa95-962f-40c7-a55a-318d7bd0e312,FQL4jucj,2026-02-21 22:57:47.789841+00,FQL4jucj,SIA,
9fb36a15-2292-4f0f-808b-e2d8e4f37dc9,UIWsXEi3,2026-03-04 18:49:56.565131+00,UIWsXEi3,0hLisek,
a03d311f-fc81-43c5-9161-1fd5649780c2,t1PzEMfF,2026-02-27 19:39:17.687506+00,t1PzEMfF,patpatkurbaga,
a0dee0ba-40fe-458c-8b10-9c84b52fd7bc,08g2uRSa,2026-02-19 23:32:08.599574+00,08g2uRSa,kano,
a0fd57d6-4d74-49bd-82fc-182543b69b76,tLOWkAeQ,2026-03-14 23:29:48.39471+00,tLOWkAeQ,ezbody,
a1753f84-ef2f-4f3e-8cd6-beb226d3c371,0wiO05FZ,2026-03-01 23:29:06.759981+00,0wiO05FZ,Cllssé 2.0,
a2465e24-580f-4995-a354-50ba3d66eda6,qmOomJwg,2026-02-18 23:24:50.64853+00,qmOomJwg,xendr,866395755941330956
a35ecdb3-ddc5-4900-ad3a-da8d3e5d3b76,WUiBA2ni,2026-02-22 17:33:12.294736+00,WUiBA2ni,livahtapot,
a374d177-0be0-415d-97f2-7e29ec1b5cab,Wr3vEbco,2026-02-19 23:42:19.677582+00,Wr3vEbco,UmitGG52,
a426b60c-337e-41c4-a721-c12a801b9273,lTGMf0kg,2026-02-19 23:27:03.878482+00,lTGMf0kg,hoverbird,
a430da4a-121d-495f-bce7-18b87939824c,HZmtoWlb,2026-02-22 17:18:21.638288+00,HZmtoWlb,Princ,
a6dbbd49-92c7-4e52-aa9b-3799e55a548e,BWlkoJA1,2026-02-21 22:46:02.87833+00,BWlkoJA1,marulla,
a71d3030-261e-41aa-988a-56851eba1e54,2g0sxFQj,2026-02-22 00:45:28.379452+00,2g0sxFQj,Rozi,
a75e3a4d-f9bd-4a2a-8dea-d5c06ae64e69,HAvzb29v,2026-02-21 22:37:50.214522+00,HAvzb29v,SedNa,
a76ec29a-de3b-4334-a33b-a4efd0c7cc80,jNJqJF91,2026-04-06 15:19:00.779445+00,jNJqJF91,ave1podi,
a89648ad-2c02-4899-9504-9dfe645ae994,RFcYSuEw,2026-02-19 23:32:08.73663+00,RFcYSuEw,redwine poczeka.,
a8ed201d-725f-4e26-b85d-e9250662e8ad,j3AyWbJO,2026-02-18 11:48:34.180662+00,j3AyWbJO,Dr. sigma,
a961c8c0-c464-43f8-8b71-c728ac82e935,zgnNWIIU,2026-02-22 18:56:13.492652+00,zgnNWIIU,???u,
a9c1297b-be7c-46ba-a857-55f42b451431,rf9Ms9iE,2026-03-12 19:06:32.294452+00,rf9Ms9iE,Batınyaiba,
a9ebcabf-aa44-4adb-a892-11e5d4b55be6,0YbpGNrN,2026-03-04 16:42:40.586085+00,0YbpGNrN,Respawn,
ab48c36d-a7de-4ef3-bf0a-be7a8c40a091,hRLUBd3Q,2026-02-22 00:48:20.822414+00,hRLUBd3Q,Kraken,
ab8294c2-f185-4d63-8cb9-cedca35a65f7,nhHJCm7O,2026-02-22 00:53:57.433979+00,nhHJCm7O,sacha,
ac239d69-983c-4784-ac0f-6139cd5b61f1,66ofzd6m,2026-02-21 22:46:02.990626+00,66ofzd6m,Blawn,
ac46e3e8-b7d7-4732-ace9-b51a9cd58aea,J1P39L4O,2026-02-21 19:49:07.588572+00,J1P39L4O,| ForwarN |,
ac71326a-35d1-4686-bf2e-2a504f0f59c8,e961kBXQ,2026-02-22 19:02:44.163288+00,e961kBXQ,rage.reshly,
ad181db3-ad78-4b44-ac31-23e780257ea2,IX8AzEeS,2026-02-28 20:20:31.344431+00,IX8AzEeS,Hunttrain,
ad286928-f093-4148-a4e3-13aedc82fa13,P9Q6MwRA,2026-02-19 23:11:18.105785+00,P9Q6MwRA,Daniel_gardening2011,
ad29ada0-9a5b-4d0e-9464-32317ed4cd31,kRirbjNC,2026-02-24 00:35:24.631225+00,kRirbjNC,S0ul,
ad5ae02b-9fe4-49fb-abc1-36a36fbaba55,3n1U6yR,2026-04-01 23:39:19.442701+00,3n1U6yR,Inzaghi,
adab89d9-3725-4e2c-9e05-d968297ae2f8,cqwfkHsT,2026-02-18 23:24:50.045173+00,cqwfkHsT,Guti,
adf79750-1f6e-473a-b28f-532bb2cde52d,koMxzKXg,2026-03-04 23:40:30.747071+00,koMxzKXg,caesra [HIDRYHME],
aeeb32d1-818b-4226-b79d-f5cc152cd6ef,UbnDckFt,2026-03-26 19:21:28.807701+00,UbnDckFt,Deprem Çetesi,
af552505-d4b3-4faa-8e94-600c79fbae20,3TGq2syo,2026-02-22 15:39:00.726089+00,3TGq2syo,Quelly,
b0470ce4-f04e-4e82-a572-aafd4e91491a,3O6y1wZY,2026-02-22 17:22:47.364564+00,3O6y1wZY,PG30,
b08fdbb8-4270-4ac4-8b79-6e67bdd5ac0f,jnN5INIW,2026-02-21 22:49:00.37049+00,jnN5INIW,dayim,
b0a2cee3-5f40-4b19-bddf-996b0c613b7b,IxX1Bt0x,2026-02-22 20:43:02.604785+00,IxX1Bt0x,Arda,
b1c4eb92-e9ac-4581-9ee8-9ac8baf7ecd6,RkxgT61Z,2026-02-18 11:48:34.816943+00,RkxgT61Z,Florp,
b1c9d678-21e9-40ef-832d-a1607170baa8,bHKuJt6E,2026-02-18 23:24:50.167382+00,bHKuJt6E,QStep,
b2330b75-1676-4a2f-a8e8-41a44b6aaee4,dooukqkT,2026-03-04 16:53:29.793357+00,dooukqkT,drass,
b298b56c-db9d-4c7b-a06f-641728c33da0,NElL3YOV,2026-03-06 22:03:01.094988+00,NElL3YOV,amdemnbsr,
b29c9326-ccf1-4f6a-b7dd-d32d1b3eb3a1,cvTrMP63,2026-02-25 21:34:03.706453+00,cvTrMP63,Kai,
b2ec8317-6571-47f3-ba1c-00fdb37bf350,hE6YD7OS,2026-02-22 17:24:43.626627+00,hE6YD7OS,nym✂,
b328f503-88f7-4f65-813e-5caf60b4f479,A7QzSefg,2026-03-04 16:47:15.940186+00,A7QzSefg,doku,
b33bfc14-2138-4b64-9904-b373109a7231,BKpl7nGJ,2026-03-16 12:56:13.591105+00,BKpl7nGJ,you wouldn't understand,
b3a498f0-d632-4d47-9794-eb67f6c40a74,GOKPW4ZF,2026-02-18 11:48:34.656578+00,GOKPW4ZF,comna.,
b3fc8de3-ee53-4c8e-8051-f0f934b9c23f,Jf4EfJaE,2026-02-23 00:19:12.137604+00,Jf4EfJaE,n3kimxd,
b42cb719-246f-4f6f-8edc-c0b3b60fdbbe,ZEN3Phx1,2026-03-04 15:10:52.234819+00,ZEN3Phx1,Jhon,
b43c872a-ee18-435d-9b92-6e3486484ea9,4gkeWJox,2026-02-19 22:28:25.934769+00,4gkeWJox,MoonRip.^^,697443713667825664
b4b73326-af94-4abd-93d5-0fe537e63df1,D8CV2T2E,2026-02-19 23:27:03.763456+00,D8CV2T2E,Void,
b51753bc-1a25-4857-b261-605a686e7ae7,GloomzyZN,2026-02-22 17:22:47.421558+00,ofGUSZxV,GloomzyZN,
b522ca51-5642-40ff-8523-c813d89dbd39,xbbjuHHR,2026-03-01 23:31:09.518663+00,xbbjuHHR,thetis,
b60e395d-4d97-42bd-bc8d-da0decaa7a92,tlvQbEWk,2026-03-04 18:49:56.498714+00,tlvQbEWk,ad!,
b65941b4-4a53-4bab-95e7-e7b3814aa511,zpXSsVBv,2026-03-04 23:11:12.355596+00,zpXSsVBv,Richie,
b66158de-fffa-4f12-870a-002dd15c3a12,SSgypcNq,2026-03-01 23:22:38.192506+00,SSgypcNq,XMARATA,
b68dfd20-ee25-4cf5-b197-95854df7efe1,ewIFFXU5,2026-02-18 23:24:50.475225+00,ewIFFXU5,deaster,
b690b11e-d45e-4aff-aef4-a1390764758c,kz5hIkfo,2026-03-04 15:34:31.365205+00,kz5hIkfo,Degtuks,
b6ff4b52-fa8f-4ede-ae27-c1e83b4733e4,iK28KXDT,2026-02-18 11:48:35.34233+00,iK28KXDT,lysyjoe,
b754fa7e-7563-42d2-90ec-541b16bdc783,VOYfGjyl,2026-02-20 00:03:33.801994+00,VOYfGjyl,Philip,
b75e01a3-7ddf-439c-99df-d6a1166accda,HGUJLKr3,2026-03-14 23:15:56.564055+00,HGUJLKr3,Kyuubi,
b78289d5-e825-449d-9ce9-4329579de88d,9j9dPJlQ,2026-03-27 15:08:42.468111+00,9j9dPJlQ,Evradi,
b8435a12-e511-4969-bd98-f0d42a3786ba,VTM5Aw2R,2026-02-22 16:56:16.623484+00,VTM5Aw2R,wtf,
b935858d-f739-483e-a0b3-997fa723f5b4,maddox,2026-02-22 00:33:13.042745+00,KPFL5guY,maddox,
b97768bd-0745-49ec-b961-a0404701547b,QM1vtfLR,2026-02-24 00:27:51.255204+00,QM1vtfLR,-früp-,
b9801db9-e9ca-46d3-a349-9b5c5ab161ca,FimA2SZB,2026-02-19 23:32:09.067169+00,FimA2SZB,HawK,
b9d6a45a-2958-4cda-9fdf-d280aae956c9,C7lPfNGi,2026-02-21 19:51:55.2261+00,C7lPfNGi,Comek,
ba9245bb-26ab-474b-a620-85d2091b3e5f,2FajuHVL,2026-02-22 17:45:16.682212+00,2FajuHVL,Cheef Keef 🎈,
bac85c56-45b4-4e35-b0de-70e24bd0335f,nyMgWOry,2026-02-21 22:05:25.288776+00,nyMgWOry,PolenDoggenl,
bc78bd12-7f41-423f-b981-1b9debddce85,vFWg1soh,2026-02-28 20:20:31.413883+00,vFWg1soh,Rantes,
bcbe22e2-8f6a-4187-80aa-a1f22f64dc7a,8aztn5wB,2026-02-27 21:11:12.105055+00,8aztn5wB,La magie d'Emp,
bdc97355-04f9-4e4e-8311-ff0cc4ac503e,De9E1n0M,2026-02-22 17:01:09.355605+00,De9E1n0M,Lammens,
bdf9dc41-0c47-4588-a95c-4c701ff0d64e,B6OhsadI,2026-02-21 22:37:50.809763+00,B6OhsadI,ardenT,
be236c06-2516-4c8a-9426-f26bca94f4b8,wx5eaBFb,2026-02-21 22:06:59.191807+00,wx5eaBFb,thorfinn,
be25796e-cbbd-4f0f-804f-be89344383c8,TcrxvnVb,2026-02-18 11:48:35.166907+00,TcrxvnVb,ルーカスゥ,
bf044aef-0cad-4899-8e12-cd7dac3f5650,pDj2yQfj,2026-02-22 00:33:12.837143+00,pDj2yQfj,shogotten,
bf2c1bbf-a8e3-4beb-b1c1-edf70ceb9fc5,NSOSJGd9,2026-02-19 23:42:19.769071+00,NSOSJGd9,2017 KDB,
bf4c4e23-eb90-4cec-9712-75ab9e36683b,qcUjIgaE,2026-02-18 11:48:35.006602+00,qcUjIgaE,riboss,
bf66b0b2-db55-4313-bcb2-1ad69567f6da,crOj4nCb,2026-02-18 23:24:50.237495+00,crOj4nCb,Taraftar,
bfc47387-9e23-4a71-9604-fe887bcb4eaa,NrT0Cpwg,2026-03-14 23:29:48.639752+00,NrT0Cpwg,Akita,
c081b4d2-cfc4-43d5-ab39-d19a2fd78f5f,wjDRLfT0,2026-02-18 23:24:50.107506+00,wjbRLfT0,bugger 31,
c09d080a-af97-43e9-861c-367ee120e3f4,juvvemz8,2026-02-27 21:09:15.115143+00,juvvemz8,Tete,
c2741329-9dc5-4d34-948a-e3e5dac92d1e,efjzeUNs,2026-02-21 22:57:48.335999+00,efjzeUNs,Neymar Junior,
c291909e-ae45-4a5f-a995-9070146b99b5,Yb1pR4HF,2026-03-05 20:16:01.963361+00,Yb1pR4HF,Kai,
c2e1ef6c-89f7-4065-a6c5-c0d89e58dff8,8QWkYJyB,2026-02-22 00:24:57.768469+00,8QWkYJyB,Pepper,
c337388c-ea44-4078-8efa-3b3d0f0bc013,sZVoqqxL,2026-02-19 22:38:37.071332+00,sZVoqqxL,Pistachio,
c3cc845e-64e3-4b46-9d8e-d67e416acb3b,oAl0sRcY,2026-02-22 00:48:20.872476+00,oAl0sRcY,Solsø,
c45a38a8-e6b8-4f49-a1d6-cb599e1c5e7d,s922Cbr0,2026-03-04 15:30:47.64041+00,s922Cbr0,Bonus,
c4726abb-a93f-40bd-986b-cc9335868641,AwuDuDE2,2026-03-01 23:31:09.575423+00,AwuDuDE2,yuwaf.이,
c4c0b646-0bfc-4574-95fe-67901103ea8a,rn7ZHLxs,2026-02-25 21:17:13.876075+00,rn7ZHLxs,klein moretti,
c4e05493-5efa-4185-b3fc-91d4e1b13b05,u4dcLJxR,2026-02-24 00:35:24.517881+00,u4dcLJxR,OrProz,
c5dd4bdb-d1fb-4aea-868c-83069bfcaf69,ofBosvOF,2026-03-01 23:31:09.414954+00,ofBosvOF,Quelly,
c677e3e5-95d1-4001-b620-6350764d9a29,dT3bcgIw,2026-02-24 22:52:34.770442+00,dT3bcgIw,ARMUT MANDANDA,
c704cf0d-704a-44a8-8ddd-932e8b1ffc13,0g6G8ZB2,2026-03-04 19:03:34.106653+00,0g6G8ZB2,Resbeck,
c754b89e-7b24-4cc8-a3db-2547941507ab,bzjWQjr8,2026-02-22 19:02:44.06544+00,bzjWQjr8,fester abdü,
c8144abc-df24-456b-8e27-4e84ffd21414,NaH2AN0p,2026-02-21 22:59:34.199761+00,NaH2AN0p,The Undertaker,
c9d42d84-52c0-46a2-90ce-c253bbd1fceb,LQYgq739,2026-02-22 16:57:30.728438+00,LQYgq739,klof,
ca21e05a-e324-4b6a-9fbb-52e67d43be12,Pu9zK0X5,2026-02-21 22:06:59.678909+00,Pu9zK0X5,cons,
ca7c49e1-e22c-4269-b93c-41e934c0673f,AffxYuKY,2026-02-22 17:24:43.501564+00,AffxYuKY,Kyndra,
ca9eab4d-0c47-4616-a4e1-168cdbf01337,wDKCEUaT,2026-03-04 16:25:48.373176+00,wDKCEUaT,leww1q,
cb599548-0205-4f8f-bcd6-f643be5e4280,U3nCRcqz,2026-02-19 23:42:20.084365+00,U3nCRcqz,Rafa Silva,
ccd4cae1-2ab6-49b5-aa8d-22fc3cf49a2d,nMyu0Hhn,2026-02-18 11:48:33.415987+00,nMyu0Hhn,bacanakpataklayan,
cdd132ef-969b-46a7-98fa-fe35c4848c39,e77Ct3UK,2026-02-19 23:35:45.927169+00,e77Ct3UK,L14M,
ce2eee4f-8901-4b6f-bb29-4c6312d4c512,PFDs3y6i,2026-02-19 22:28:26.317366+00,PFDs3y6i,ice 乂,
cefd45e9-0320-4438-951a-e2f6480b847a,Ww8wDO03,2026-02-19 23:42:19.463577+00,Ww8wDO03,Sheesh,
cf54cfd0-2535-4f84-8354-1ab930fb9633,ySCY3qA4,2026-02-22 15:47:47.462678+00,ySCY3qA4,Reni Femboy,
cf73a840-783b-45de-9ccc-fbae51623051,lyJrO9jm,2026-03-27 20:46:49.195584+00,lyJrO9jm,Tpeny,
cf9af189-1319-4ad1-8fb3-dfccd32bf30c,3v8edIjg,2026-03-04 16:47:15.993339+00,3v8edIjg,lezoxiee,
cfd4522f-90d3-4a23-a7e6-81b061c6cb7e,oTx5yBmk,2026-02-28 23:24:18.798249+00,oTx5yBmk,Kralahmet,
cffce0e1-86ca-48bb-860d-f6b468ddbcc2,UcpNMaQ0,2026-02-19 23:11:18.511289+00,UcpNMaQ0,mannen,
d015830d-e90a-484e-9c76-b434d6fbb36d,T0KuPKpi,2026-02-21 22:05:25.589408+00,T0KuPKpi,Mauro.Sch1fer,1241032995792748585
d056431b-35f3-4e15-955a-0a25a981b624,me4ivv4S,2026-02-21 22:05:25.222856+00,me4ivv4S,Ronaldo,
d0abe833-f65b-4654-86b5-85013900b9c1,2TfuOulD,2026-02-21 22:57:47.933937+00,2TfuOulD,suzuja,
d12f460b-f848-4c85-8719-6cd4281a2d4c,1r4sbLWR,2026-03-28 19:52:19.231526+00,1r4sbLWR,ProudToe,
d1418948-96c2-4b56-8cec-3ce6e4938b4c,meQJAm3I,2026-02-25 21:17:13.94438+00,meQJAm3I,sdfoksdf,
d1807b1d-e27c-4c51-89ec-17470d5a7510,u7nsu6Cu,2026-02-19 22:48:38.54868+00,u7nsu6Cu,Exo,
d1ad216c-0bbb-4d7a-aabd-cdb52cb3d808,GA34upwk,2026-02-21 19:49:07.367671+00,GA34upwk,funkyS,
d2ed49f9-ea41-4456-9641-7953e7da199a,aaimeb04,2026-03-04 15:31:58.547355+00,aaimeb04,Just a Swiss guy,
d2fc286f-3473-4cd4-9554-0fe46dece9ec,4ohYbasn,2026-02-27 21:09:14.990794+00,4ohYbasn,xoobi,
d3b44caa-6b74-48b0-b1be-051cb7a5659c,y8SLeQDO,2026-03-31 11:56:47.14795+00,y8SLeQDO,Dawid (PL),
d404bc12-2609-4043-b084-b12152865c6b,4e27e2ud,2026-02-22 20:43:02.809411+00,4e27e2ud,Кузя,
d4436de3-0ab1-4a93-9744-e8a51a0b46b9,ljvtkckD,2026-02-22 17:42:42.932658+00,ljvtkckD,De.,
d44e31a5-7773-47e2-93f3-a76abb4e7666,MWPUJlL7,2026-02-19 23:11:18.029004+00,MWPUJlL7,Timothy_Skating8834,
d48df599-2dd9-4fef-aa5c-b511893d91cd,umhT5YKX,2026-03-01 23:22:38.13907+00,umhT5YKX,Melih Abunaf,
d62405cb-44a0-41ad-8368-fcf20b9d9af0,vq5f5DaX,2026-02-22 00:57:57.999895+00,vq5f5DaX,eksande,
d6b6ca4e-af5a-4b26-8a6a-a49e326e625f,gm0keNHo,2026-02-22 20:43:02.653055+00,gm0keNHo,Can,
d6cd012d-9b01-4e94-b346-351865411162,r9ZfZ9Rt,2026-02-22 00:48:21.03465+00,r9ZfZ9Rt,EMOTION,
d6dd92d0-afb2-4cc5-b9e8-7149502890f1,GXpRQm6j,2026-03-04 15:22:45.691917+00,GXpRQm6j,Alxnn_,
d6f23bc8-244a-46d3-9929-5ecab99b175d,Oz1kpKZI,2026-02-22 17:42:42.874545+00,Oz1kpKZI,toprak,
d781a05b-6e80-4179-bb26-3b6497f281da,lHLDPczZ,2026-03-22 23:50:38.298235+00,lHLDPczZ,SgaDarkElf,
d7b38164-bd97-410b-a444-0b1f0a93f75a,kAh9BCG4,2026-02-19 23:42:19.544853+00,kAh9BCG4,sокяат,
d858e07a-5d49-453f-869c-ef7c12e38e0f,8mjXWXyo,2026-02-21 22:59:34.255488+00,8mjXWXyo,Carsex†,
d866f609-fb9f-4f45-b296-c6d2852a3dfa,EG4lLcAW,2026-02-19 23:11:18.463636+00,EG4lLcAW,Azoo,
d86a4ab5-8bb4-4f0e-92e1-f130d47aa671,illDuHLZ,2026-02-19 23:27:03.441284+00,illDuHLZ,bluk,
d8c46dc4-b346-4aa6-a929-4e5d0d4dcd91,fR23XODZ,2026-03-12 19:08:14.55591+00,fR23XODZ,setr3x,
d8d6951a-d2b9-4b85-9418-595fdfe1884a,VJ3STYl1,2026-02-19 22:38:36.998667+00,VJ3STYl1,Khaled,
db1344db-c3b4-447e-94a9-32572dfac1b6,NRyR1b5E,2026-03-04 15:34:31.242979+00,NRyR1b5E,marger,
db29b279-55c3-4841-91f6-8a5f9c7bcdc4,74hgP8YT,2026-02-21 19:51:55.160702+00,74hgP8YT,Juan,
db8102dd-8fa0-4b8a-b5af-f1abb1483dff,l5dnah2J,2026-02-21 22:05:25.409923+00,l5dnah2J,taygun,
dc5e88b3-a259-4067-a325-bd02255660e3,yvnOwSry,2026-02-21 22:57:48.274199+00,yvnOwSry,Itoshi Sae,
dcd3dd2d-8842-4645-b995-4f2a22b9dfea,6EcBcMqN,2026-02-18 11:48:33.879963+00,6EcBcMqN,K4OS,
dd6bad4e-3564-4c45-b5ff-2cfb4b9fa8e9,9bcFGLH1,2026-02-19 22:28:26.192632+00,9bcFGLH1,Noba$$,
de2173fc-be3b-4a32-b6d6-ecc87a948533,WFiOjbgy,2026-02-22 00:29:45.624775+00,WFiOjbgy,Playboi Carti,
de48b9e4-239f-45e8-8d09-3bcb8c36d051,Sam07Person,2026-02-20 00:03:33.171527+00,gl9loucf,Sam07Person,807940254064443432
de4dc1ae-593d-496d-b94c-9f9a06c43390,jdkmlUXa,2026-02-22 18:56:13.5482+00,jdkmlUXa,Toure,
df4cf9bb-c82d-447f-9c35-22f9bd145e11,OUf8kq2o,2026-02-21 19:49:06.966616+00,OUf8kq2o,Cisburro104,
e125c947-37f1-4ee5-bcfa-b9ef06bcdf46,aWfA7zjH,2026-02-26 23:13:21.544833+00,aWfA7zjH,AlexAnders,
e207b1b9-1fcc-45aa-9c23-27a14eb38bf9,uDk6SYWp,2026-03-04 16:36:27.915904+00,uDk6SYWp,Shu.,
e28d0af9-11c6-4b32-ace5-bc21f6d90806,NqpqLCgz,2026-02-21 22:46:02.64658+00,NqpqLCgz,shmleon,
e3c8c19a-1b7b-44df-9724-a9ba90dbb7af,3yKmoq2W,2026-02-21 22:57:47.841512+00,3yKmoq2W,sivyK,
e4145b3b-509f-48c4-aa60-d6df540f762f,pQc7Qlz7,2026-02-21 19:49:07.256557+00,pQc7Qlz7,Dolce & Gabbana,
e46d8654-a618-46a1-a4ee-db1e0bc3929d,buzzU6jb,2026-03-14 23:29:48.277607+00,buzzU6jb,MegEZ,
e4ca84fb-e03d-4938-a499-da884a27a61a,Il55m9qj,2026-02-22 17:27:48.027304+00,Il55m9qj,rewolf,
e53ea056-e211-4d01-946e-f893efa9bba0,CHNgf8lm,2026-03-07 22:07:29.097734+00,CHNgf8lm,Altan,
e59dcb73-0e4a-42e5-9200-144a1342deca,34Yx4XwU,2026-02-23 00:13:34.794643+00,34Yx4XwU,special grade,
e681251b-30bc-4e97-9401-e5678f05c106,9iCpShtO,2026-02-22 00:33:13.141954+00,9iCpShtO,mainoo,
e68cb10d-9edb-44a4-8097-b78f783292cc,bdVD6Efd,2026-03-04 16:47:15.884887+00,bdVD6Efd,Snakeren,
e76e2a44-fff6-48f2-a2d7-9e9c4ee69d83,sfS4U5HJ,2026-03-04 16:25:48.456831+00,sfS4U5HJ,ZEAROX,
e7b1a48e-6f25-463d-be9b-c1aa998042d2,iN2JBrV9,2026-02-22 17:01:09.653599+00,iN2JBrV9,Kiera,
e82634ff-ff00-425b-b75f-7be34d6659c2,rVDFZKUz,2026-02-21 22:37:50.460393+00,rVDFZKUz,Mael,
e82c9845-4657-4df9-a437-c58c486f3d6b,5HMb1WP4,2026-02-22 16:57:30.648252+00,5HMb1WP4,Teranaut.,
e832ed13-1bbd-4057-bdcf-51dceba99a0a,ySCY3q4A,2026-02-21 22:06:58.677655+00,ySCY3q4A,curse.,
e9bc6114-366a-44cf-a6f5-bc9e7495920a,rLaeqpge,2026-02-24 00:23:18.812063+00,rLaeqpge,Eissu1337,
ea96470c-88aa-4490-ab37-ec86e25f6c7a,iU93Opw7,2026-02-22 15:56:16.84392+00,iU93Opw7,Tokai Teio,
ea97c79e-8088-4e00-b478-f3f473ec5390,TmLRyvsl,2026-03-04 16:47:16.121983+00,TmLRyvsl,phoebus,
eaace543-2a0f-4ccb-b0b9-8cc9b1f04276,8Cb12oAh,2026-03-27 15:08:42.191933+00,8Cb12oAh,alpero,
ebf31e11-a294-4fda-83e7-195f0c1d2644,T0iVS7fX,2026-02-22 00:53:57.729831+00,T0iVS7fX,77,
ec291dd8-90c4-4dcb-b2c6-9d7fd7890c01,sB43dVQr,2026-02-19 23:35:45.879081+00,sB43dVQr,Timucin,
ec5a612f-490d-4baa-a35a-b83f6426191f,uo3oM7nd,2026-02-22 15:47:47.395875+00,uo3oM7nd,earl simmons,
ecca4d1d-b050-4319-86a1-a37e132bcd54,ThJRe580,2026-02-21 22:06:59.125243+00,ThJRe580,vasiliou,
ee42f965-d798-4724-8299-0b92747ba50d,RHNFR2EB,2026-02-18 23:24:50.592918+00,RHNFR2EB,Jártexs,
ee99c914-8bb8-4b2e-a1eb-225ed2ee6a13,29qM0N2B,2026-03-04 18:55:13.273868+00,29qM0N2B,nape1,
eeaed5b1-a58f-48bd-a142-214c6686ace4,To1ZAZXg,2026-02-22 16:57:30.787809+00,To1ZAZXg,henessy,
eeb48d88-eacb-472a-9c3c-6396fe64fa7a,6pGn04w2,2026-02-22 16:56:16.564567+00,6pGn04w2,Wfoxz,
eff36500-ba7b-409c-892f-be694d5e1b98,p9nFpSlq,2026-02-20 00:03:33.561951+00,p9nFpSlq,k,
f039da87-06a7-4f3f-a14e-1240ab0d8e97,2wWhK4ol,2026-02-23 00:19:12.197945+00,2wWhK4ol,iota,
f097b613-dba4-4dfb-b6ee-733a9a2ba61a,PeGpxIup,2026-02-19 22:38:36.375848+00,PeGpxIup,DZDINHO,
f26aa9f9-6d09-4040-baa1-669858f45bef,ZvOEL9Gg,2026-02-19 23:35:45.823283+00,ZvOEL9Gg,Oh,
f3366acb-e947-4395-9d05-d32701b5f986,Gv26ZzCS,2026-02-22 00:24:57.715648+00,Gv26ZzCS,Gundam,
f3550c6a-bcb4-483b-b3b9-16675f44977d,pXJxcABL,2026-03-04 16:27:48.506873+00,pXJxcABL,'Ramsdale,
f3ebc231-43d9-4979-bf33-d41928a11c76,9KgsRPX0,2026-02-19 23:32:08.800069+00,9KgsRPX0,zalu,
f435d852-f1f3-4b9b-b15e-468149e439a4,frUARAXg,2026-02-24 22:56:09.821877+00,frUARAXg,Mark0,
f4f830a6-d634-48d1-adad-27344be1970e,sYfnH3K9,2026-02-22 17:18:21.580744+00,sYfnH3K9,pico pico pico,
f503bb9e-7264-4a3b-8b81-5035f1ef8188,E79Db2wq,2026-02-19 22:28:26.48305+00,E79Db2wq,lokman cagrici,
f55bc845-38ae-463b-b682-54680aec2aeb,pdhcE2PS,2026-02-22 17:27:47.968409+00,pdhcE2PS,Éneś.,
f5632ac5-d549-4221-a374-2a52bed2c5cb,ZP5h5ZFu,2026-02-22 17:01:09.594563+00,ZP5h5ZFu,ExreiL,
f592304d-ca58-49ac-ba98-a83c9097acc4,LhS0YGzb,2026-03-14 23:26:59.820627+00,LhS0YGzb,Dajani,
f60373ce-e3c7-4cdf-b5f3-bcb94a6d167a,RQdOYvV9,2026-02-21 22:49:00.419674+00,RQdOYvV9,T Δ C,
f6335766-f91c-418e-aae2-0f2d46dd6705,a9mOtyPz,2026-02-22 00:53:57.669712+00,a9mOtyPz,Gloxnia,
f6698742-ffc2-43c6-a141-9f7b61a0d9c0,8RW4VaXn,2026-02-21 22:49:00.148952+00,8RW4VaXn,Chewy_meat,
f6a4dff0-c1fc-497c-8cf5-0889361418ee,HHt4hKa3,2026-02-18 23:24:49.980071+00,HHt4hKa3,Nasreddin HocA,
f81bcb96-24dd-4377-bb0c-062806417b9c,Q1DJcjMv,2026-02-22 00:24:57.513336+00,Q1DJcjMv,CHAOS,
f8bd073c-178c-4cdc-a07d-8d69d894c647,L2vTK1KW,2026-02-21 22:46:03.044082+00,L2vTK1KW,sidiki cherif,
f9a1b1c4-3be4-455a-911b-002588031dc0,O9pltbaP,2026-02-22 15:50:46.130425+00,O9pltbaP,Max,
fa4bba90-e9b0-435c-bda8-fe6bfcc23d99,z1vxcG2a,2026-02-21 22:37:50.573782+00,z1vxcG2a,haravoradamina,
fab1aec0-0fe0-430d-8799-a0da1a9009d7,FYofYE4o,2026-02-21 22:57:47.885827+00,FYofYE4o,RBRDLR,
fac3b9dc-c0db-4bfa-90e4-37ec9e71f61f,INK9YqCv,2026-02-22 17:11:43.89676+00,INK9YqCv,Jagres,
faed2e41-4f0c-405d-9d47-df805cded117,bFngNk1X,2026-03-04 19:02:08.330557+00,bFngNk1X,KROMES,
fb127318-8f44-45b0-acff-7fdb4b7bcc59,LZ46HgTe,2026-02-21 22:37:50.342822+00,LZ46HgTe,egesub,
fb447d59-a764-4392-8a9f-b25d74d4d261,KVMr8YGB,2026-02-22 17:24:43.691541+00,KVMr8YGB,RALE,
fb870e63-dd63-4a29-89d6-55ce8da81176,PcxbUJ5O,2026-02-22 17:22:47.475528+00,PcxbUJ5O,bartus7909,
fbac096f-ba5f-4a8b-949c-4b590f74e929,gPiuPwuy,2026-02-19 23:42:19.380657+00,gPiuPwuy,xlex,
fc3fad37-da6d-427c-b868-d584ec7ea570,YvgyFu9g,2026-03-04 16:42:40.994242+00,YvgyFu9g,peripella,
fc7790b2-ba9f-48e5-b3fa-81c9a87b415b,MR7XlMGc,2026-03-04 15:39:07.798201+00,MR7XlMGc,Raider,
fe5b4ca0-13f5-4b40-8170-29fc52475441,jJdJlfP2,2026-02-19 23:42:19.940493+00,jJdJlfP2,B2H4N,
fea90bc5-1803-42b3-a322-3dbd82fa1a47,22N2x6sL,2026-04-06 15:11:55.720455+00,22N2x6sL,OSiKi BiSOKSAM,
ff72778a-8f65-40f1-95bc-e5d85db5abc5,N0ClujWL,2026-02-26 19:23:24.05638+00,N0ClujWL,whip,
ff7bd7a0-2bf1-4fd8-8a85-3e3eabe17c4e,MwtPVHuh,2026-02-26 23:13:21.471787+00,MwtPVHuh,HERNANDEZ,
ff876c02-281d-434e-a4ef-d11693e53f03,Y066LlKK,2026-02-19 23:32:08.856284+00,Y066LlKK,rudi zwolnij?,